customer_id,probability
12346,0.9579
12347,0.5746
12348,0.9494
12349,0.7131
12350,0.898
12351,0.8775
12352,0.609
12353,0.9313
12354,0.8905
12355,0.9522
12356,0.675
12357,0.6051
12358,0.9118
12359,0.6087
12360,0.5081
12361,0.9414
12362,0.7382
12363,0.9198
12364,0.8588
12365,0.9069
12366,0.982
12368,0.9801
12369,0.9007
12370,0.7385
12371,0.7433
12372,0.68
12373,0.9729
12374,0.8584
12375,0.9159
12376,0.9269
12377,0.8586
12378,0.8151
12379,0.7228
12380,0.6369
12381,0.7535
12382,0.9548
12383,0.7312
12384,0.6721
12385,0.8539
12386,0.9095
12387,0.9548
12388,0.5461
12389,0.9155
12390,0.7652
12391,0.7321
12392,0.9545
12393,0.5992
12394,0.9086
12395,0.5044
12396,0.9755
12397,0.6037
12398,0.5866
12399,0.7602
12400,0.9037
12401,0.9548
12402,0.9042
12403,0.9429
12404,0.9548
12405,0.8831
12406,0.6599
12407,0.7185
12408,0.5067
12409,0.5701
12410,0.9448
12411,0.9318
12412,0.6187
12413,0.6619
12414,0.961
12415,0.7535
12416,0.9679
12417,0.7221
12418,0.8119
12419,0.9161
12420,0.8296
12421,0.8348
12422,0.7157
12423,0.5128
12424,0.6432
12425,0.8909
12426,0.9399
12427,0.8873
12428,0.6853
12429,0.6104
12430,0.7435
12431,0.5584
12432,0.5449
12433,0.6362
12434,0.7513
12435,0.5466
12436,0.9196
12437,0.7273
12438,0.5151
12439,0.969
12440,0.9532
12441,0.9548
12443,0.9673
12444,0.7421
12445,0.954
12446,0.7003
12447,0.9202
12448,0.8136
12449,0.5578
12450,0.8571
12451,0.6157
12452,0.8569
12453,0.7818
12454,0.6705
12455,0.8375
12456,0.5262
12457,0.6635
12458,0.8387
12459,0.9835
12460,0.9515
12461,0.8026
12462,0.8923
12463,0.6404
12464,0.8859
12465,0.6186
12466,0.9548
12467,0.9548
12468,0.8937
12469,0.9587
12470,0.9804
12471,0.8186
12472,0.6918
12473,0.6344
12474,0.8766
12475,0.8215
12476,0.8024
12477,0.6406
12479,0.8686
12480,0.7237
12481,0.58
12482,0.6815
12483,0.5426
12484,0.5315
12485,0.9795
12486,0.9737
12487,0.9228
12488,0.7454
12489,0.9124
12490,0.8546
12491,0.8237
12492,0.8471
12493,0.812
12494,0.7867
12495,0.9575
12496,0.9548
12497,0.7904
12498,0.7718
12499,0.9739
12500,0.598
12501,0.8596
12502,0.6062
12503,0.9863
12504,0.8916
12505,0.8967
12506,0.9548
12507,0.9569
12508,0.5712
12509,0.9548
12510,0.9065
12511,0.8764
12512,0.9548
12513,0.5725
12514,0.8747
12515,0.9235
12516,0.7276
12517,0.5354
12518,0.5604
12519,0.9064
12520,0.5444
12521,0.8968
12522,0.9548
12523,0.5614
12524,0.6422
12525,0.9422
12526,0.7682
12527,0.8295
12528,0.8095
12529,0.9667
12530,0.775
12531,0.9904
12532,0.8084
12533,0.9469
12534,0.8912
12535,0.7862
12536,0.6742
12537,0.8696
12538,0.8129
12539,0.5545
12540,0.8578
12541,0.8337
12542,0.9766
12543,0.9662
12544,0.7265
12545,0.81
12546,0.6828
12547,0.9548
12548,0.9548
12549,0.9491
12550,0.6316
12551,0.9548
12552,0.9143
12553,0.5136
12554,0.9763
12555,0.9548
12556,0.5264
12557,0.7993
12559,0.9425
12560,0.7837
12561,0.9072
12562,0.6424
12563,0.8879
12564,0.8933
12565,0.9548
12566,0.7305
12567,0.6674
12568,0.9548
12569,0.7308
12570,0.9548
12571,0.7677
12572,0.6103
12573,0.9548
12574,0.9212
12575,0.9391
12576,0.662
12577,0.6342
12578,0.8857
12579,0.7796
12580,0.9569
12581,0.9037
12582,0.9194
12583,0.8585
12584,0.5053
12585,0.8085
12586,0.7871
12588,0.9291
12589,0.5226
12590,0.7518
12591,0.8371
12592,0.8558
12593,0.8982
12594,0.609
12595,0.9562
12596,0.8166
12597,0.6582
12598,0.6668
12599,0.6595
12600,0.7808
12601,0.9548
12602,0.9548
12603,0.7342
12604,0.9548
12605,0.7859
12606,0.9548
12607,0.6527
12608,0.9604
12609,0.6536
12610,0.5601
12611,0.8291
12612,0.9039
12613,0.7325
12614,0.9573
12615,0.6776
12616,0.5983
12617,0.5638
12618,0.9548
12619,0.5466
12620,0.7574
12621,0.7766
12622,0.9548
12623,0.9143
12624,0.8386
12625,0.7208
12626,0.5311
12627,0.5699
12628,0.6161
12629,0.9534
12630,0.8032
12631,0.9049
12632,0.9434
12633,0.5885
12634,0.9675
12635,0.5379
12636,0.9548
12637,0.7355
12638,0.8772
12639,0.937
12640,0.7109
12641,0.8562
12642,0.7091
12643,0.8552
12644,0.9261
12645,0.5309
12646,0.8864
12647,0.8096
12648,0.9463
12649,0.6631
12651,0.9548
12652,0.8905
12653,0.8419
12654,0.9548
12655,0.963
12656,0.721
12657,0.7035
12658,0.7483
12659,0.9548
12660,0.7262
12661,0.9548
12662,0.5379
12663,0.9548
12664,0.6728
12665,0.9548
12666,0.8693
12667,0.7699
12668,0.7066
12669,0.875
12670,0.5617
12671,0.9574
12672,0.9271
12673,0.9257
12674,0.5607
12675,0.9858
12676,0.8033
12677,0.948
12678,0.6954
12679,0.7679
12680,0.5927
12681,0.859
12682,0.9356
12683,0.791
12684,0.5835
12685,0.6126
12686,0.9548
12687,0.965
12688,0.6973
12689,0.6603
12690,0.9512
12691,0.7357
12692,0.9548
12693,0.8502
12694,0.8715
12695,0.9581
12696,0.9345
12697,0.6125
12698,0.9647
12699,0.9144
12700,0.5161
12701,0.6971
12702,0.8234
12703,0.9444
12704,0.5981
12705,0.6338
12706,0.9548
12707,0.8874
12708,0.6602
12709,0.8215
12710,0.8482
12711,0.9699
12712,0.548
12714,0.634
12715,0.828
12716,0.8714
12717,0.8823
12718,0.719
12719,0.5563
12720,0.7096
12721,0.6563
12722,0.8822
12723,0.7058
12724,0.8376
12725,0.967
12726,0.5639
12727,0.769
12728,0.6359
12729,0.9022
12730,0.976
12731,0.5069
12732,0.8902
12733,0.8851
12734,0.8057
12735,0.9192
12736,0.947
12737,0.9844
12738,0.9548
12739,0.7016
12740,0.8502
12741,0.9755
12742,0.9793
12743,0.7132
12744,0.7132
12745,0.956
12746,0.9421
12747,0.5691
12748,0.8163
12749,0.7743
12750,0.9309
12751,0.8871
12752,0.6041
12753,0.6933
12754,0.7241
12755,0.7695
12756,0.9548
12757,0.7787
12758,0.5489
12759,0.6834
12760,0.9694
12761,0.982
12762,0.8893
12763,0.8389
12764,0.867
12765,0.9299
12766,0.7165
12767,0.8552
12768,0.9548
12769,0.9363
12770,0.9019
12771,0.9432
12772,0.6834
12773,0.9548
12774,0.9548
12775,0.7256
12776,0.9548
12777,0.97
12778,0.7838
12779,0.5598
12780,0.9794
12781,0.853
12782,0.6262
12783,0.6242
12784,0.8528
12785,0.9253
12786,0.98
12787,0.7483
12788,0.9548
12789,0.9548
12790,0.7867
12791,0.9464
12792,0.9447
12793,0.879
12794,0.7466
12795,0.8896
12796,0.9728
12797,0.8617
12798,0.8088
12799,0.9769
12800,0.979
12801,0.9689
12802,0.8195
12803,0.914
12804,0.9548
12805,0.9125
12806,0.9516
12807,0.8836
12808,0.8577
12809,0.928
12810,0.9739
12811,0.8226
12812,0.7871
12813,0.9459
12814,0.9548
12815,0.934
12816,0.7985
12817,0.893
12818,0.8837
12819,0.9633
12820,0.6394
12821,0.9548
12822,0.564
12823,0.9099
12824,0.8489
12825,0.965
12826,0.5343
12827,0.7546
12828,0.6702
12829,0.9581
12830,0.6885
12831,0.9376
12832,0.8
12833,0.8553
12834,0.9305
12835,0.5097
12836,0.6104
12837,0.968
12838,0.5699
12839,0.7906
12840,0.5118
12841,0.7667
12842,0.7032
12843,0.6472
12844,0.8855
12845,0.9193
12846,0.9548
12847,0.6511
12848,0.9788
12849,0.5104
12850,0.9507
12851,0.9548
12852,0.891
12853,0.5165
12854,0.567
12855,0.7297
12856,0.5108
12857,0.6497
12858,0.9548
12859,0.9739
12860,0.9548
12861,0.9548
12862,0.935
12863,0.8399
12864,0.9548
12865,0.8217
12866,0.9427
12867,0.6276
12868,0.7224
12869,0.9759
12870,0.9083
12871,0.8892
12872,0.6228
12873,0.87
12874,0.9449
12875,0.9685
12876,0.6886
12877,0.573
12878,0.7834
12879,0.8398
12880,0.9406
12881,0.9259
12882,0.738
12883,0.7246
12884,0.7078
12885,0.7711
12886,0.6982
12887,0.8743
12888,0.9587
12889,0.9548
12890,0.5082
12891,0.9786
12892,0.8134
12893,0.9548
12894,0.9548
12895,0.8341
12896,0.9548
12897,0.918
12898,0.9548
12899,0.9206
12900,0.938
12901,0.859
12902,0.9548
12903,0.9551
12904,0.6849
12905,0.9812
12906,0.691
12907,0.9519
12908,0.9737
12909,0.5295
12910,0.5498
12911,0.9816
12912,0.8777
12913,0.5248
12914,0.9629
12915,0.9382
12916,0.8198
12917,0.8858
12918,0.9764
12919,0.574
12920,0.8758
12921,0.9397
12922,0.8843
12923,0.7022
12924,0.5668
12925,0.9123
12926,0.9181
12927,0.8963
12928,0.5244
12929,0.9548
12930,0.6636
12931,0.8506
12932,0.9641
12933,0.7238
12934,0.9548
12935,0.6143
12936,0.6703
12937,0.63
12938,0.9548
12939,0.5637
12940,0.5169
12941,0.9521
12942,0.8496
12943,0.9681
12944,0.8608
12945,0.9552
12946,0.9614
12947,0.6747
12948,0.5172
12949,0.5032
12950,0.785
12951,0.5558
12952,0.652
12953,0.9626
12954,0.9548
12955,0.6189
12956,0.9311
12957,0.6065
12958,0.9455
12959,0.9548
12960,0.9513
12961,0.8788
12962,0.9548
12963,0.6623
12964,0.9548
12965,0.649
12966,0.9548
12967,0.6583
12968,0.9548
12969,0.9548
12970,0.8173
12971,0.8744
12972,0.9765
12973,0.8304
12974,0.9814
12975,0.9434
12976,0.7576
12977,0.9669
12978,0.8696
12979,0.9619
12980,0.8843
12981,0.7694
12982,0.8272
12983,0.9766
12984,0.9548
12985,0.7723
12986,0.7014
12987,0.8607
12988,0.94
12989,0.6146
12990,0.9537
12991,0.7323
12992,0.9548
12993,0.8908
12994,0.7839
12995,0.7417
12996,0.8937
12997,0.6583
12998,0.9708
12999,0.8896
13000,0.9043
13001,0.702
13002,0.9548
13003,0.9548
13004,0.8605
13005,0.8656
13006,0.9548
13007,0.9548
13008,0.8749
13009,0.9776
13010,0.9548
13011,0.9548
13012,0.5563
13013,0.713
13014,0.6615
13015,0.8536
13016,0.5274
13018,0.8048
13019,0.8599
13020,0.9671
13021,0.5721
13022,0.9548
13023,0.8301
13024,0.9386
13025,0.9481
13026,0.9212
13027,0.7572
13028,0.8145
13029,0.8005
13030,0.7354
13031,0.8352
13032,0.7596
13033,0.9204
13034,0.7506
13035,0.7941
13036,0.9683
13037,0.6605
13038,0.7742
13039,0.9678
13040,0.8158
13041,0.9485
13042,0.9632
13043,0.9618
13044,0.8965
13045,0.911
13046,0.8591
13047,0.6742
13048,0.5558
13049,0.7258
13050,0.8755
13051,0.9548
13052,0.8672
13053,0.9548
13054,0.9548
13055,0.7206
13056,0.9444
13057,0.9716
13058,0.9548
13059,0.8193
13060,0.9273
13061,0.9285
13062,0.9008
13063,0.9553
13064,0.8056
13065,0.8615
13066,0.7235
13067,0.8861
13068,0.9548
13069,0.7724
13070,0.9017
13071,0.9548
13072,0.9548
13073,0.9575
13074,0.9342
13075,0.9178
13076,0.9548
13077,0.5001
13078,0.9627
13079,0.9098
13080,0.9548
13081,0.7175
13082,0.6713
13083,0.8788
13084,0.9548
13085,0.848
13086,0.898
13087,0.9634
13088,0.9588
13089,0.8255
13090,0.5345
13091,0.5692
13092,0.8985
13093,0.8319
13094,0.7634
13095,0.9548
13096,0.9284
13097,0.9056
13098,0.8435
13099,0.9045
13100,0.9548
13101,0.9613
13102,0.9046
13103,0.9264
13104,0.8613
13105,0.9548
13106,0.932
13107,0.5321
13108,0.9278
13109,0.7609
13110,0.7607
13111,0.9494
13112,0.9548
13113,0.8275
13114,0.9612
13115,0.7145
13116,0.8842
13117,0.6371
13118,0.5681
13119,0.9548
13120,0.9548
13121,0.7469
13122,0.7517
13123,0.9511
13124,0.6276
13125,0.9548
13126,0.576
13127,0.6419
13128,0.9638
13129,0.9548
13130,0.9548
13131,0.6965
13132,0.9548
13133,0.9548
13134,0.6286
13135,0.9808
13136,0.6482
13137,0.7153
13138,0.6298
13139,0.8382
13140,0.9003
13141,0.771
13142,0.8465
13143,0.9722
13144,0.9548
13145,0.9243
13146,0.7529
13147,0.9399
13148,0.7287
13149,0.7021
13150,0.9718
13151,0.8035
13152,0.9747
13154,0.9618
13155,0.5911
13156,0.9732
13157,0.6679
13158,0.5468
13159,0.5838
13160,0.9548
13161,0.9706
13162,0.8251
13163,0.9548
13164,0.986
13165,0.7558
13166,0.7581
13167,0.6016
13168,0.8731
13169,0.8819
13170,0.9548
13171,0.8488
13172,0.9548
13173,0.8734
13174,0.5746
13175,0.9568
13176,0.6852
13177,0.826
13178,0.69
13179,0.9726
13180,0.9548
13181,0.8572
13182,0.9548
13183,0.5097
13184,0.6397
13185,0.9548
13186,0.712
13187,0.9386
13188,0.9548
13189,0.9548
13190,0.9712
13191,0.9548
13192,0.7191
13193,0.9548
13194,0.9366
13195,0.9548
13196,0.6949
13197,0.97
13198,0.8391
13199,0.9208
13200,0.7025
13201,0.9464
13202,0.8948
13203,0.6706
13204,0.9563
13205,0.9013
13206,0.7803
13207,0.9796
13208,0.797
13209,0.6278
13210,0.7811
13211,0.5222
13212,0.6191
13213,0.7493
13214,0.951
13215,0.9548
13216,0.9327
13217,0.9785
13218,0.9548
13219,0.9548
13220,0.8622
13221,0.815
13222,0.9548
13223,0.9583
13224,0.6057
13225,0.7107
13226,0.9188
13227,0.8676
13228,0.9383
13229,0.9548
13230,0.7568
13231,0.9548
13232,0.554
13233,0.8786
13234,0.9645
13235,0.935
13236,0.7907
13237,0.9432
13238,0.9053
13239,0.8823
13240,0.7416
13241,0.9548
13242,0.9548
13243,0.8964
13244,0.9548
13245,0.9265
13246,0.5254
13247,0.7255
13248,0.9059
13249,0.8478
13250,0.9548
13251,0.8872
13252,0.9749
13253,0.8846
13254,0.9548
13255,0.932
13256,0.9548
13257,0.9548
13258,0.7285
13259,0.8796
13260,0.8939
13261,0.9708
13262,0.9471
13263,0.8006
13264,0.9581
13265,0.6495
13266,0.7831
13267,0.8087
13268,0.7093
13269,0.8551
13270,0.9104
13271,0.5411
13272,0.9548
13273,0.9548
13274,0.9078
13275,0.9548
13276,0.8227
13277,0.9548
13278,0.8423
13279,0.9548
13280,0.7941
13281,0.9273
13282,0.6777
13283,0.9548
13284,0.9253
13285,0.6347
13286,0.9684
13287,0.9782
13288,0.9501
13289,0.9514
13290,0.9905
13291,0.7577
13292,0.9186
13293,0.8974
13294,0.9184
13295,0.8435
13296,0.9548
13297,0.9044
13299,0.9505
13300,0.889
13301,0.9548
13302,0.9548
13303,0.9548
13304,0.9566
13305,0.6454
13306,0.9548
13307,0.9745
13308,0.7342
13309,0.6206
13310,0.614
13311,0.9228
13312,0.9548
13313,0.7089
13314,0.7197
13315,0.9655
13316,0.7028
13317,0.5444
13318,0.7301
13319,0.866
13320,0.5141
13321,0.622
13322,0.8436
13323,0.9548
13324,0.5282
13325,0.793
13326,0.9664
13327,0.5745
13328,0.913
13329,0.7608
13330,0.584
13331,0.9488
13332,0.9164
13333,0.9478
13334,0.7841
13335,0.9548
13336,0.6654
13337,0.983
13338,0.8429
13339,0.8381
13340,0.5358
13341,0.887
13342,0.9548
13343,0.8093
13344,0.5109
13345,0.9276
13346,0.9548
13347,0.9312
13348,0.6633
13349,0.8299
13350,0.8762
13351,0.7742
13352,0.7614
13353,0.9548
13354,0.65
13355,0.8659
13356,0.5568
13357,0.8878
13358,0.9358
13359,0.7762
13360,0.9649
13361,0.9742
13362,0.7219
13363,0.836
13364,0.9548
13365,0.705
13366,0.9548
13367,0.9717
13368,0.9389
13369,0.8197
13370,0.8158
13371,0.9834
13372,0.7438
13373,0.6884
13374,0.9391
13375,0.833
13376,0.8048
13377,0.9479
13378,0.9548
13379,0.5995
13380,0.9548
13381,0.6484
13382,0.8972
13383,0.9362
13384,0.5637
13385,0.9583
13386,0.9284
13387,0.9089
13388,0.9532
13389,0.7332
13390,0.8255
13391,0.9548
13392,0.9548
13393,0.9639
13394,0.7397
13395,0.9196
13396,0.8451
13397,0.6883
13398,0.9563
13399,0.9548
13400,0.9731
13401,0.9548
13402,0.8593
13403,0.9548
13404,0.9209
13405,0.9078
13406,0.9484
13407,0.9881
13408,0.899
13409,0.9548
13410,0.776
13411,0.8627
13412,0.9783
13413,0.9548
13414,0.8132
13415,0.9433
13416,0.6665
13417,0.9741
13418,0.9113
13419,0.7906
13420,0.9548
13421,0.7488
13422,0.5486
13423,0.9503
13424,0.9463
13425,0.8147
13426,0.6303
13427,0.906
13428,0.6656
13429,0.7216
13430,0.5975
13431,0.728
13432,0.9565
13433,0.9409
13434,0.9163
13435,0.5283
13437,0.5059
13438,0.9548
13439,0.8397
13440,0.9675
13441,0.8883
13442,0.9577
13443,0.9083
13444,0.8471
13445,0.9742
13446,0.7726
13447,0.5394
13448,0.5425
13449,0.7808
13450,0.5129
13451,0.5029
13452,0.9805
13453,0.8366
13454,0.9525
13455,0.7823
13456,0.5685
13457,0.9548
13458,0.7274
13459,0.9749
13460,0.9548
13461,0.9138
13462,0.8751
13463,0.9548
13464,0.6599
13465,0.9508
13466,0.8859
13467,0.6496
13468,0.8979
13469,0.9548
13470,0.9548
13471,0.6293
13472,0.9366
13473,0.7364
13474,0.9451
13475,0.7905
13476,0.8639
13477,0.6222
13478,0.9807
13479,0.9311
13480,0.978
13481,0.6646
13482,0.9346
13483,0.9548
13484,0.9046
13485,0.6757
13486,0.5825
13487,0.9309
13488,0.7337
13489,0.9548
13490,0.9548
13491,0.5336
13492,0.8213
13493,0.9098
13494,0.9691
13495,0.5702
13496,0.9175
13497,0.9235
13498,0.9587
13499,0.7974
13500,0.63
13501,0.776
13502,0.9203
13503,0.9249
13504,0.8035
13505,0.5593
13506,0.7576
13507,0.8211
13508,0.9548
13509,0.8569
13510,0.5112
13511,0.9693
13512,0.916
13513,0.9405
13514,0.972
13515,0.6408
13516,0.8397
13517,0.6608
13518,0.7444
13519,0.8659
13520,0.5598
13521,0.6217
13522,0.9548
13523,0.5275
13524,0.7321
13525,0.8815
13526,0.9391
13527,0.6871
13528,0.9548
13529,0.9548
13530,0.9689
13531,0.9155
13532,0.5518
13533,0.9548
13534,0.8096
13535,0.9548
13536,0.7742
13537,0.9418
13538,0.6498
13539,0.7756
13540,0.9808
13541,0.962
13542,0.876
13543,0.9758
13544,0.9548
13545,0.7892
13546,0.7352
13547,0.9548
13548,0.846
13549,0.7483
13550,0.8567
13551,0.9548
13552,0.6505
13553,0.9825
13554,0.8305
13555,0.6078
13556,0.9548
13557,0.653
13558,0.5104
13559,0.9518
13561,0.9218
13562,0.7228
13563,0.8439
13564,0.5716
13565,0.9548
13566,0.7488
13567,0.9361
13568,0.9016
13569,0.8333
13570,0.9309
13571,0.7997
13572,0.9544
13573,0.7414
13574,0.7907
13575,0.7788
13576,0.6623
13577,0.6508
13578,0.9548
13579,0.9094
13580,0.9548
13581,0.9548
13582,0.9548
13583,0.9661
13584,0.914
13585,0.9715
13586,0.9548
13587,0.8536
13588,0.732
13589,0.8966
13590,0.6792
13591,0.6983
13592,0.9548
13593,0.7081
13594,0.9201
13595,0.9827
13596,0.5981
13597,0.8584
13598,0.8723
13599,0.9397
13600,0.9663
13601,0.6009
13602,0.8395
13603,0.9548
13604,0.976
13605,0.9374
13606,0.9548
13607,0.736
13608,0.9618
13609,0.9548
13610,0.9158
13611,0.6968
13612,0.9703
13613,0.9685
13614,0.6626
13615,0.83
13616,0.9548
13617,0.8447
13618,0.9548
13619,0.9548
13620,0.9548
13621,0.8105
13622,0.9735
13623,0.6585
13624,0.9568
13625,0.9787
13626,0.752
13627,0.7864
13628,0.9814
13629,0.5383
13630,0.5299
13631,0.8423
13632,0.6228
13633,0.9548
13634,0.6376
13635,0.5739
13636,0.7712
13637,0.7571
13638,0.9548
13639,0.7921
13640,0.9769
13641,0.9238
13642,0.8509
13643,0.7123
13644,0.5984
13645,0.9225
13646,0.8812
13647,0.727
13648,0.8947
13649,0.8563
13650,0.5439
13651,0.9548
13652,0.7783
13653,0.9548
13654,0.5865
13655,0.7332
13656,0.8662
13657,0.8692
13658,0.8345
13659,0.7359
13660,0.8489
13661,0.9774
13662,0.5271
13663,0.7239
13664,0.9548
13665,0.8882
13666,0.9548
13667,0.7917
13668,0.9026
13669,0.8772
13670,0.7171
13671,0.9548
13672,0.9529
13673,0.6281
13674,0.9222
13675,0.8828
13676,0.9548
13677,0.8846
13678,0.8925
13679,0.9548
13680,0.6274
13681,0.6287
13682,0.9548
13683,0.954
13684,0.9242
13685,0.7857
13686,0.8267
13687,0.8449
13688,0.9844
13689,0.9209
13690,0.9548
13691,0.9044
13692,0.5604
13693,0.8853
13694,0.6085
13695,0.5078
13696,0.875
13697,0.9548
13698,0.9583
13699,0.9623
13700,0.6028
13701,0.9548
13702,0.9548
13703,0.8433
13704,0.5853
13705,0.8816
13706,0.9616
13707,0.7824
13708,0.8257
13709,0.6496
13710,0.9138
13711,0.9395
13712,0.9727
13713,0.9685
13714,0.9548
13715,0.581
13716,0.9548
13717,0.6973
13718,0.9371
13719,0.7997
13720,0.8346
13721,0.6168
13722,0.8381
13723,0.899
13724,0.9564
13725,0.6785
13726,0.7728
13727,0.9159
13728,0.6665
13729,0.9151
13730,0.8613
13731,0.8849
13732,0.6361
13733,0.9258
13734,0.9129
13735,0.6693
13736,0.8104
13737,0.907
13738,0.711
13739,0.9769
13740,0.8807
13741,0.7359
13742,0.5142
13743,0.7231
13744,0.715
13745,0.9007
13746,0.9548
13747,0.9548
13748,0.5696
13749,0.9548
13750,0.8373
13751,0.9421
13752,0.7951
13753,0.8657
13754,0.9548
13755,0.657
13756,0.7355
13757,0.9776
13758,0.5437
13759,0.8377
13760,0.6288
13761,0.8028
13762,0.9119
13763,0.8825
13764,0.6088
13765,0.9673
13766,0.9458
13767,0.9597
13768,0.9194
13769,0.5851
13770,0.934
13771,0.5625
13772,0.5314
13773,0.913
13774,0.733
13775,0.9759
13776,0.9904
13777,0.8562
13778,0.9539
13779,0.9548
13780,0.8902
13781,0.9467
13782,0.7997
13783,0.9858
13784,0.5844
13785,0.9316
13786,0.8725
13787,0.8033
13788,0.9548
13789,0.8649
13791,0.8865
13792,0.8764
13793,0.9548
13794,0.9548
13795,0.9529
13796,0.9714
13797,0.9564
13798,0.7845
13799,0.8382
13800,0.8808
13801,0.7656
13802,0.6018
13803,0.8858
13804,0.6264
13805,0.897
13806,0.6843
13807,0.9409
13808,0.6646
13809,0.927
13810,0.6476
13811,0.9298
13812,0.7524
13813,0.696
13814,0.6473
13815,0.6221
13816,0.7204
13817,0.825
13818,0.9548
13819,0.819
13820,0.9477
13821,0.8801
13822,0.6372
13823,0.7294
13824,0.54
13825,0.9548
13826,0.9154
13827,0.5079
13828,0.8462
13829,0.9548
13830,0.9548
13831,0.5202
13832,0.9502
13833,0.9179
13834,0.9747
13835,0.8085
13836,0.867
13837,0.9548
13838,0.908
13839,0.9548
13840,0.9061
13841,0.9548
13842,0.5325
13843,0.8519
13844,0.8033
13845,0.7632
13846,0.7075
13847,0.9513
13848,0.838
13849,0.6442
13850,0.7023
13851,0.6143
13852,0.9805
13853,0.8317
13854,0.7817
13855,0.9397
13856,0.9548
13857,0.819
13858,0.8491
13859,0.9206
13860,0.7267
13861,0.9548
13862,0.5463
13863,0.8845
13864,0.8635
13865,0.9548
13866,0.9548
13867,0.7213
13868,0.8868
13869,0.638
13870,0.548
13871,0.5607
13872,0.9453
13873,0.9548
13874,0.9038
13875,0.576
13876,0.9548
13877,0.9548
13878,0.8197
13879,0.9751
13880,0.5419
13881,0.6069
13882,0.6846
13883,0.5619
13884,0.5564
13885,0.9208
13886,0.8316
13887,0.8904
13888,0.8745
13889,0.8534
13890,0.7216
13891,0.8896
13892,0.8782
13893,0.9496
13894,0.6628
13895,0.6249
13896,0.9833
13897,0.9411
13898,0.9117
13899,0.9335
13900,0.8509
13901,0.7757
13902,0.8496
13903,0.9548
13904,0.8271
13905,0.9715
13906,0.9548
13907,0.9548
13908,0.6315
13909,0.9548
13910,0.9548
13911,0.5521
13912,0.9548
13913,0.9548
13914,0.5677
13915,0.9548
13916,0.905
13917,0.7998
13918,0.7949
13919,0.8623
13920,0.9534
13921,0.8873
13922,0.9112
13923,0.7784
13924,0.5574
13925,0.7219
13926,0.7551
13927,0.8458
13928,0.9548
13929,0.9082
13930,0.7963
13931,0.5881
13932,0.9399
13933,0.8727
13934,0.9119
13935,0.9608
13936,0.8995
13937,0.8993
13938,0.9548
13939,0.8911
13940,0.5939
13941,0.6509
13942,0.9507
13943,0.9778
13944,0.9454
13945,0.9454
13946,0.8803
13947,0.9548
13948,0.8907
13949,0.6597
13950,0.708
13951,0.8652
13952,0.6243
13953,0.9013
13954,0.7426
13955,0.6917
13956,0.5962
13957,0.9697
13958,0.9144
13959,0.5602
13960,0.9548
13961,0.9098
13962,0.8911
13963,0.6104
13964,0.9365
13965,0.9477
13966,0.9723
13967,0.9548
13968,0.9548
13969,0.8233
13970,0.9686
13971,0.5176
13972,0.9548
13973,0.9395
13974,0.8698
13975,0.5135
13976,0.9664
13977,0.9294
13978,0.9548
13979,0.7001
13980,0.9172
13981,0.9254
13982,0.7329
13983,0.6024
13984,0.8296
13985,0.8108
13986,0.7487
13987,0.8975
13988,0.7121
13989,0.7384
13990,0.8874
13991,0.5709
13992,0.9548
13993,0.7375
13994,0.6791
13995,0.6696
13996,0.7952
13997,0.9635
13998,0.9588
13999,0.7904
14000,0.9555
14001,0.7118
14002,0.7875
14003,0.9521
14004,0.5784
14005,0.5454
14006,0.9025
14007,0.9548
14008,0.9557
14009,0.9014
14010,0.9704
14011,0.9753
14012,0.9397
14013,0.8305
14014,0.7545
14015,0.8517
14016,0.5952
14017,0.9752
14018,0.9731
14019,0.6754
14020,0.7875
14021,0.8843
14022,0.9129
14023,0.9035
14024,0.881
14025,0.9053
14026,0.9641
14027,0.9548
14028,0.9741
14029,0.8836
14030,0.5473
14031,0.7164
14032,0.6798
14033,0.9548
14034,0.6355
14035,0.6954
14036,0.9162
14037,0.9182
14038,0.5243
14039,0.9548
14040,0.8482
14041,0.9548
14042,0.9589
14043,0.9548
14044,0.8738
14045,0.9486
14046,0.9548
14047,0.6456
14048,0.6994
14049,0.6131
14050,0.6116
14051,0.853
14052,0.7367
14053,0.9548
14054,0.9548
14055,0.8745
14056,0.8254
14057,0.7125
14058,0.9642
14059,0.855
14060,0.8617
14061,0.9718
14062,0.7476
14063,0.9336
14064,0.5653
14065,0.9273
14066,0.9548
14067,0.5972
14068,0.9716
14069,0.9548
14070,0.9784
14071,0.5712
14072,0.9796
14073,0.9548
14074,0.9673
14075,0.7847
14076,0.9548
14077,0.9548
14078,0.9047
14079,0.8772
14080,0.9392
14081,0.6556
14082,0.7153
14083,0.8524
14084,0.9548
14085,0.7667
14086,0.9548
14087,0.8542
14088,0.7929
14089,0.9548
14090,0.9548
14091,0.9402
14092,0.5637
14093,0.5458
14094,0.9648
14095,0.9548
14096,0.8374
14097,0.953
14098,0.9548
14099,0.8276
14100,0.849
14101,0.7087
14102,0.5203
14103,0.9548
14104,0.9681
14105,0.6158
14106,0.9565
14107,0.5634
14108,0.6118
14109,0.9548
14110,0.8945
14111,0.8955
14112,0.7285
14113,0.5532
14114,0.9227
14115,0.983
14116,0.5102
14117,0.9548
14118,0.9689
14119,0.9548
14120,0.9548
14121,0.6098
14122,0.9231
14123,0.9682
14124,0.9193
14125,0.6235
14126,0.9006
14127,0.8393
14128,0.7999
14129,0.787
14130,0.8304
14131,0.9548
14132,0.7112
14133,0.8698
14134,0.6515
14135,0.8125
14136,0.9495
14137,0.9841
14138,0.6331
14139,0.8683
14140,0.7643
14141,0.5909
14142,0.9233
14143,0.9548
14144,0.9548
14145,0.904
14146,0.5198
14147,0.8671
14148,0.8738
14149,0.8686
14150,0.7788
14151,0.9498
14152,0.7115
14153,0.9455
14154,0.7743
14155,0.9548
14156,0.707
14157,0.822
14158,0.6339
14159,0.8454
14160,0.9181
14161,0.7643
14162,0.9548
14163,0.7941
14164,0.8194
14165,0.9548
14166,0.9548
14167,0.9546
14168,0.9568
14169,0.9571
14170,0.7494
14171,0.7962
14172,0.9772
14173,0.7573
14174,0.9548
14175,0.7929
14176,0.8178
14177,0.59
14178,0.5555
14179,0.5934
14180,0.7166
14181,0.9762
14182,0.9056
14183,0.9548
14184,0.8765
14185,0.9716
14186,0.9238
14187,0.9548
14188,0.6271
14189,0.7986
14190,0.9548
14191,0.5302
14192,0.8712
14193,0.6944
14194,0.8339
14195,0.9311
14196,0.8851
14197,0.906
14198,0.9038
14199,0.9385
14200,0.981
14201,0.8734
14202,0.9262
14203,0.8888
14204,0.9766
14205,0.6439
14206,0.8056
14207,0.9548
14208,0.9419
14209,0.6249
14210,0.5571
14211,0.5795
14212,0.8943
14213,0.946
14214,0.7755
14215,0.5838
14216,0.7915
14217,0.5464
14218,0.9548
14219,0.9589
14220,0.933
14221,0.7073
14222,0.8895
14223,0.6674
14224,0.8244
14225,0.9654
14226,0.846
14227,0.8205
14228,0.95
14229,0.5857
14230,0.949
14231,0.87
14232,0.7165
14233,0.6597
14234,0.6345
14235,0.5326
14236,0.8863
14237,0.9254
14238,0.9548
14239,0.6476
14240,0.8533
14241,0.9248
14242,0.9548
14243,0.8594
14244,0.9844
14245,0.7313
14246,0.8246
14247,0.9037
14248,0.9105
14249,0.9079
14250,0.7519
14251,0.6091
14252,0.8565
14253,0.9837
14254,0.9486
14255,0.9593
14256,0.7782
14257,0.6647
14258,0.6087
14259,0.9548
14260,0.9705
14261,0.6068
14262,0.7141
14263,0.9223
14264,0.9353
14265,0.8929
14266,0.9548
14267,0.8532
14268,0.9563
14269,0.9375
14270,0.9537
14271,0.9548
14272,0.9007
14273,0.8665
14274,0.9688
14275,0.9552
14276,0.9058
14277,0.9283
14278,0.9149
14279,0.9548
14280,0.9548
14281,0.9199
14282,0.5306
14283,0.8629
14284,0.8801
14285,0.525
14286,0.7673
14287,0.9548
14288,0.8676
14289,0.9129
14290,0.5816
14291,0.6392
14292,0.6061
14293,0.7177
14294,0.9347
14295,0.8851
14296,0.9106
14297,0.7735
14298,0.7384
14299,0.7079
14300,0.9548
14301,0.8429
14302,0.9581
14303,0.9548
14304,0.9001
14305,0.5572
14306,0.8086
14307,0.6621
14308,0.9578
14309,0.5339
14310,0.9846
14311,0.8902
14312,0.6414
14313,0.9548
14314,0.9548
14315,0.6107
14316,0.9681
14317,0.8395
14318,0.9548
14319,0.935
14320,0.8629
14321,0.5013
14322,0.9329
14323,0.7323
14324,0.9491
14325,0.9584
14326,0.9075
14327,0.8812
14328,0.9421
14329,0.6466
14330,0.9519
14331,0.9269
14332,0.6597
14333,0.894
14334,0.5974
14335,0.6963
14336,0.7564
14337,0.9548
14338,0.8987
14339,0.8988
14340,0.9548
14341,0.6047
14342,0.875
14343,0.9616
14344,0.5876
14345,0.9548
14346,0.8955
14347,0.9548
14348,0.9346
14349,0.9548
14350,0.8676
14351,0.9548
14352,0.8491
14353,0.9151
14354,0.9548
14355,0.9146
14356,0.7073
14357,0.5268
14358,0.9314
14359,0.6919
14360,0.5506
14361,0.9796
14362,0.9548
14363,0.9548
14364,0.6612
14365,0.9543
14366,0.9548
14367,0.8583
14368,0.9548
14369,0.9598
14370,0.968
14371,0.9548
14372,0.9423
14373,0.9548
14374,0.9548
14375,0.8774
14376,0.9817
14377,0.9158
14378,0.9548
14379,0.6671
14380,0.9548
14381,0.8116
14382,0.8242
14383,0.6965
14384,0.9548
14385,0.9548
14386,0.9548
14387,0.7077
14388,0.5903
14389,0.8217
14390,0.6527
14391,0.9548
14392,0.9595
14393,0.9548
14394,0.9548
14395,0.6959
14396,0.8778
14397,0.6286
14398,0.9332
14399,0.894
14400,0.8374
14401,0.6099
14402,0.973
14403,0.9495
14404,0.5671
14405,0.9382
14406,0.9548
14407,0.7735
14408,0.5899
14409,0.6185
14410,0.5745
14411,0.9247
14412,0.8264
14413,0.7787
14414,0.6553
14415,0.6459
14416,0.7935
14417,0.8264
14418,0.7321
14419,0.5576
14420,0.8966
14421,0.8828
14422,0.5029
14423,0.9163
14424,0.8479
14425,0.9313
14426,0.6365
14427,0.8908
14428,0.679
14429,0.9599
14430,0.9619
14431,0.8907
14432,0.5118
14433,0.9497
14434,0.9008
14435,0.9548
14436,0.949
14437,0.9688
14438,0.9548
14439,0.9115
14440,0.6652
14441,0.6351
14442,0.6512
14443,0.5932
14444,0.9548
14445,0.9505
14446,0.7361
14447,0.608
14448,0.8724
14449,0.6482
14450,0.7771
14451,0.5962
14452,0.8527
14453,0.9548
14454,0.8057
14455,0.8848
14456,0.8827
14457,0.9548
14458,0.8713
14459,0.9525
14460,0.9341
14461,0.5489
14462,0.5037
14463,0.9455
14464,0.9548
14465,0.7483
14466,0.5536
14467,0.5444
14468,0.9495
14469,0.9103
14470,0.8418
14471,0.9307
14472,0.8369
14473,0.9548
14474,0.8984
14475,0.7187
14476,0.8851
14477,0.914
14478,0.892
14479,0.8118
14480,0.8768
14481,0.8878
14482,0.5198
14483,0.9548
14484,0.7957
14485,0.9548
14486,0.9548
14487,0.6571
14488,0.7366
14489,0.9438
14490,0.8431
14491,0.9092
14492,0.9516
14493,0.7609
14494,0.9548
14495,0.9548
14496,0.7572
14497,0.9038
14498,0.5244
14499,0.5812
14500,0.8525
14501,0.8957
14502,0.6312
14503,0.6089
14504,0.7036
14505,0.6277
14506,0.5306
14507,0.6703
14508,0.7565
14509,0.9548
14510,0.8536
14511,0.6753
14512,0.7645
14513,0.9406
14514,0.7363
14515,0.5704
14516,0.9548
14517,0.8491
14518,0.9548
14519,0.9548
14520,0.9548
14521,0.9544
14522,0.897
14523,0.9648
14524,0.5656
14525,0.6891
14526,0.8184
14527,0.8272
14528,0.74
14529,0.5685
14530,0.7632
14531,0.9735
14532,0.9241
14533,0.7262
14534,0.8353
14535,0.5588
14536,0.9548
14537,0.8841
14538,0.9116
14539,0.714
14540,0.6797
14541,0.6039
14542,0.9548
14543,0.7752
14544,0.8115
14545,0.9869
14546,0.6714
14547,0.7133
14548,0.9322
14549,0.8799
14550,0.845
14551,0.7947
14552,0.9548
14553,0.716
14554,0.5548
14555,0.5209
14556,0.9805
14557,0.7167
14558,0.9679
14559,0.9548
14560,0.643
14561,0.6512
14562,0.6467
14563,0.9711
14564,0.8137
14565,0.5812
14566,0.9335
14567,0.8023
14568,0.9552
14569,0.9548
14570,0.959
14571,0.9548
14572,0.6038
14573,0.8014
14574,0.9548
14575,0.9657
14576,0.9548
14577,0.6889
14579,0.9548
14580,0.9548
14581,0.9224
14582,0.9548
14583,0.8286
14584,0.8143
14585,0.5924
14586,0.9377
14587,0.739
14588,0.9548
14589,0.9548
14590,0.7581
14591,0.6641
14592,0.5991
14593,0.537
14594,0.8789
14595,0.531
14596,0.9764
14597,0.706
14598,0.904
14599,0.7834
14600,0.8957
14601,0.7938
14602,0.9729
14603,0.9353
14604,0.9548
14605,0.9459
14606,0.7857
14607,0.6974
14608,0.6828
14609,0.9701
14610,0.9548
14611,0.9141
14612,0.9471
14613,0.9548
14614,0.8898
14615,0.9166
14616,0.9532
14617,0.9548
14618,0.836
14619,0.9524
14620,0.8668
14621,0.7322
14622,0.9562
14623,0.7202
14624,0.9435
14625,0.5185
14626,0.505
14627,0.8616
14628,0.8935
14629,0.6622
14630,0.9627
14631,0.7279
14632,0.9548
14633,0.9549
14634,0.8738
14635,0.9524
14636,0.842
14637,0.9548
14638,0.8742
14639,0.7394
14640,0.5592
14641,0.9548
14642,0.9548
14643,0.9167
14644,0.5155
14645,0.9288
14646,0.8724
14647,0.9492
14648,0.8166
14649,0.7065
14650,0.9548
14651,0.834
14652,0.9548
14653,0.5522
14654,0.9362
14655,0.7448
14656,0.8995
14657,0.7477
14658,0.9548
14659,0.5862
14660,0.9548
14661,0.9548
14662,0.5981
14663,0.9578
14664,0.5177
14665,0.5068
14666,0.826
14667,0.8726
14668,0.9548
14669,0.7456
14670,0.7773
14671,0.9804
14672,0.9074
14673,0.5518
14674,0.9548
14675,0.7418
14676,0.5469
14677,0.9422
14678,0.9783
14679,0.9472
14680,0.7189
14681,0.954
14682,0.9582
14683,0.9548
14684,0.5379
14685,0.9154
14686,0.9431
14687,0.9483
14688,0.7795
14689,0.9548
14690,0.6805
14691,0.6834
14692,0.7133
14693,0.9331
14694,0.9828
14695,0.9657
14696,0.6959
14697,0.9548
14698,0.639
14699,0.9172
14700,0.7452
14701,0.6129
14702,0.7122
14703,0.8451
14704,0.749
14705,0.9548
14706,0.9729
14707,0.9548
14708,0.9118
14709,0.5106
14710,0.752
14711,0.5806
14712,0.8841
14713,0.8007
14714,0.9414
14715,0.8949
14716,0.6565
14717,0.9548
14718,0.9327
14719,0.5176
14720,0.7316
14721,0.9548
14722,0.9268
14723,0.6194
14724,0.9854
14725,0.8714
14726,0.9548
14727,0.9542
14728,0.9116
14729,0.8709
14730,0.5931
14731,0.9548
14732,0.7338
14733,0.7976
14734,0.9396
14735,0.8744
14736,0.9588
14737,0.7783
14738,0.696
14739,0.5305
14740,0.5921
14741,0.757
14742,0.9587
14743,0.9548
14744,0.7297
14745,0.7191
14746,0.9558
14747,0.8927
14748,0.5642
14749,0.9766
14750,0.9548
14751,0.9548
14752,0.767
14753,0.7625
14754,0.8607
14755,0.8387
14756,0.8153
14757,0.8052
14758,0.6861
14759,0.8906
14760,0.9548
14761,0.895
14762,0.9783
14763,0.9548
14764,0.7828
14765,0.9548
14766,0.7571
14767,0.9677
14768,0.9548
14769,0.6055
14770,0.8579
14771,0.9658
14772,0.9548
14773,0.9548
14774,0.9578
14775,0.7053
14776,0.6501
14777,0.8799
14778,0.868
14779,0.9131
14780,0.8142
14781,0.9548
14782,0.9036
14783,0.9667
14784,0.9548
14785,0.9548
14786,0.9548
14787,0.9548
14788,0.9273
14789,0.7368
14790,0.6112
14791,0.971
14792,0.9548
14793,0.9435
14794,0.7736
14795,0.9548
14796,0.8013
14797,0.9688
14798,0.8002
14799,0.9548
14800,0.5694
14801,0.6274
14802,0.9338
14803,0.7571
14805,0.9127
14806,0.9313
14807,0.9749
14808,0.5463
14809,0.9759
14810,0.5219
14811,0.9548
14812,0.9548
14813,0.8655
14814,0.9548
14815,0.5274
14816,0.9612
14817,0.6682
14818,0.8206
14819,0.8677
14820,0.7111
14821,0.8012
14822,0.9548
14823,0.9548
14824,0.7136
14825,0.5004
14826,0.9725
14827,0.9548
14828,0.7685
14829,0.6838
14830,0.6322
14831,0.9699
14832,0.9929
14833,0.9548
14834,0.7184
14835,0.9548
14836,0.9548
14837,0.6766
14838,0.9316
14839,0.9654
14840,0.9657
14841,0.6125
14842,0.6874
14843,0.9673
14844,0.7511
14845,0.9548
14846,0.9411
14847,0.9147
14848,0.9295
14849,0.8609
14850,0.7678
14851,0.8244
14852,0.5619
14853,0.875
14854,0.5407
14855,0.9283
14856,0.6884
14857,0.769
14858,0.9548
14859,0.6976
14860,0.9548
14861,0.8869
14862,0.5234
14863,0.8333
14864,0.9548
14865,0.9548
14866,0.5072
14867,0.8078
14868,0.6368
14869,0.8002
14870,0.9113
14871,0.9548
14872,0.9474
14873,0.9266
14874,0.9548
14875,0.856
14876,0.9814
14877,0.9624
14878,0.5697
14879,0.9766
14880,0.5694
14881,0.7701
14882,0.7609
14883,0.5791
14884,0.9548
14885,0.9222
14886,0.9268
14887,0.9485
14888,0.9492
14889,0.9548
14890,0.9715
14891,0.876
14892,0.9666
14893,0.7744
14894,0.889
14895,0.6913
14896,0.8149
14897,0.5926
14898,0.5329
14899,0.821
14900,0.9548
14901,0.6423
14902,0.8248
14903,0.606
14904,0.8005
14905,0.8702
14906,0.9548
14907,0.6678
14908,0.8898
14909,0.9622
14910,0.7902
14911,0.9264
14912,0.7939
14913,0.8101
14914,0.9548
14915,0.808
14916,0.7515
14917,0.9711
14918,0.7976
14919,0.9289
14920,0.9341
14921,0.7549
14922,0.9433
14923,0.7258
14924,0.9495
14925,0.9548
14926,0.9654
14927,0.91
14928,0.9581
14929,0.8988
14930,0.8424
14931,0.6963
14932,0.8716
14933,0.9865
14934,0.6031
14935,0.9541
14936,0.6208
14937,0.7814
14938,0.983
14939,0.9548
14940,0.904
14941,0.9793
14942,0.9479
14943,0.9548
14944,0.5287
14945,0.9548
14946,0.9548
14947,0.8837
14948,0.6879
14949,0.9153
14950,0.8337
14951,0.6573
14952,0.8594
14953,0.8361
14954,0.6252
14955,0.9548
14956,0.9631
14957,0.9652
14958,0.8582
14959,0.7547
14960,0.9548
14961,0.7165
14962,0.9548
14963,0.5777
14964,0.9292
14965,0.8607
14966,0.8248
14967,0.8912
14968,0.9011
14969,0.9745
14970,0.7497
14971,0.6654
14972,0.9548
14973,0.908
14974,0.9548
14975,0.9035
14976,0.7173
14977,0.9548
14978,0.6964
14979,0.9513
14980,0.9548
14981,0.9328
14982,0.9734
14983,0.9752
14984,0.9488
14985,0.9548
14986,0.9588
14987,0.9161
14988,0.6598
14989,0.976
14990,0.9232
14991,0.9457
14992,0.929
14993,0.9548
14994,0.8383
14995,0.9548
14996,0.9502
14997,0.8017
14998,0.7978
14999,0.9548
15000,0.5115
15001,0.9548
15002,0.8308
15003,0.9707
15004,0.8445
15005,0.8706
15006,0.7707
15007,0.9548
15008,0.9868
15009,0.5222
15010,0.8318
15011,0.8871
15012,0.8166
15013,0.9346
15014,0.9548
15015,0.6908
15016,0.9548
15017,0.9548
15018,0.8941
15019,0.8608
15020,0.9153
15021,0.5177
15022,0.5592
15023,0.6742
15024,0.5087
15025,0.8354
15026,0.5651
15027,0.8647
15028,0.749
15029,0.9491
15030,0.9077
15031,0.6045
15032,0.5789
15033,0.5346
15034,0.7455
15035,0.6979
15036,0.5774
15037,0.9217
15038,0.7509
15039,0.8135
15040,0.9548
15041,0.9548
15042,0.9548
15043,0.8637
15044,0.7895
15045,0.8971
15046,0.655
15047,0.8932
15048,0.9548
15049,0.9548
15050,0.75
15051,0.6254
15052,0.8909
15053,0.8434
15054,0.9548
15055,0.9496
15056,0.9548
15057,0.7582
15058,0.7012
15059,0.5661
15060,0.9548
15061,0.7939
15062,0.741
15063,0.8703
15064,0.9079
15065,0.5838
15066,0.7422
15067,0.5669
15068,0.7035
15069,0.9313
15070,0.9586
15071,0.7151
15072,0.9461
15073,0.7209
15074,0.868
15075,0.8393
15076,0.9174
15077,0.8774
15078,0.8572
15079,0.7829
15080,0.9426
15081,0.9015
15082,0.9548
15083,0.9548
15084,0.9546
15085,0.943
15086,0.9548
15087,0.9497
15088,0.7315
15089,0.6959
15090,0.9063
15091,0.6931
15092,0.9179
15093,0.7694
15094,0.9548
15095,0.7
15096,0.8291
15097,0.9622
15098,0.7493
15099,0.7698
15100,0.9142
15101,0.9469
15102,0.9646
15103,0.7097
15104,0.872
15105,0.5271
15106,0.7338
15107,0.9465
15108,0.8261
15109,0.8299
15110,0.7424
15111,0.5717
15112,0.9731
15113,0.5126
15114,0.6859
15115,0.8629
15116,0.6983
15117,0.6466
15118,0.9292
15119,0.8941
15120,0.8719
15121,0.8992
15122,0.658
15123,0.7867
15124,0.9548
15125,0.7298
15126,0.9554
15127,0.8368
15128,0.5991
15129,0.7006
15130,0.8933
15131,0.9548
15132,0.7015
15133,0.8766
15134,0.6678
15135,0.9548
15136,0.6668
15137,0.9206
15138,0.9085
15139,0.9548
15140,0.6854
15141,0.9346
15142,0.8182
15143,0.9156
15144,0.833
15145,0.7609
15146,0.7933
15147,0.9325
15148,0.8479
15149,0.9337
15150,0.6028
15151,0.9814
15152,0.6161
15153,0.8163
15154,0.8911
15155,0.8902
15156,0.9205
15157,0.8275
15158,0.9018
15159,0.7972
15160,0.7867
15161,0.9548
15162,0.9511
15163,0.9548
15164,0.8536
15165,0.9362
15166,0.9548
15167,0.8328
15168,0.9548
15169,0.9195
15170,0.9548
15171,0.8619
15172,0.5666
15173,0.9295
15174,0.8604
15175,0.8432
15176,0.9679
15177,0.9469
15178,0.9548
15179,0.7722
15180,0.9182
15181,0.8137
15182,0.7105
15183,0.9649
15184,0.7686
15185,0.838
15186,0.9165
15187,0.5566
15188,0.9657
15189,0.8869
15190,0.9714
15191,0.9737
15192,0.9565
15193,0.9139
15194,0.8805
15196,0.9548
15197,0.8034
15198,0.9548
15199,0.7359
15200,0.9688
15201,0.5207
15202,0.9604
15203,0.5777
15204,0.9399
15205,0.7282
15206,0.9144
15207,0.9151
15208,0.8184
15209,0.9548
15210,0.8451
15211,0.8799
15212,0.9548
15213,0.9167
15214,0.7109
15215,0.7909
15216,0.9682
15217,0.9827
15218,0.5167
15219,0.961
15220,0.5331
15221,0.8764
15222,0.9257
15223,0.8414
15224,0.921
15225,0.9251
15226,0.9548
15227,0.6379
15228,0.7845
15229,0.9548
15230,0.9074
15231,0.9474
15232,0.8561
15233,0.9548
15234,0.8831
15235,0.6192
15236,0.8976
15237,0.6359
15238,0.5074
15239,0.7157
15240,0.5666
15241,0.5461
15242,0.9392
15243,0.8358
15244,0.8001
15245,0.6481
15246,0.9055
15247,0.9676
15248,0.961
15249,0.6511
15250,0.9548
15251,0.633
15252,0.9106
15253,0.8137
15254,0.9259
15255,0.5397
15256,0.9548
15257,0.8535
15258,0.8891
15259,0.9505
15260,0.6672
15261,0.9109
15262,0.9548
15263,0.9548
15264,0.9124
15265,0.9
15266,0.8946
15267,0.9097
15268,0.9641
15269,0.8883
15270,0.7688
15271,0.5049
15272,0.858
15273,0.9752
15274,0.7534
15275,0.727
15276,0.8303
15277,0.8664
15278,0.9548
15279,0.968
15280,0.9548
15281,0.6141
15282,0.9616
15283,0.9548
15284,0.9548
15285,0.9548
15286,0.8284
15287,0.8569
15288,0.5321
15289,0.8118
15290,0.6395
15291,0.7724
15292,0.9548
15293,0.9582
15294,0.9142
15295,0.9636
15296,0.5622
15297,0.6701
15298,0.8599
15299,0.7121
15300,0.7856
15301,0.5512
15302,0.9534
15303,0.8776
15304,0.9548
15305,0.9548
15306,0.8665
15307,0.9467
15308,0.9258
15309,0.9601
15310,0.9752
15311,0.8797
15312,0.613
15313,0.9548
15314,0.8225
15315,0.5983
15316,0.9548
15317,0.9548
15319,0.9422
15320,0.7708
15321,0.6178
15322,0.899
15323,0.9526
15324,0.9548
15325,0.8045
15326,0.8798
15327,0.8186
15328,0.9548
15329,0.5569
15330,0.5148
15331,0.9754
15332,0.7674
15333,0.9402
15334,0.9548
15335,0.9548
15336,0.9068
15337,0.8682
15338,0.9745
15339,0.7568
15340,0.9548
15341,0.7109
15342,0.9308
15343,0.7383
15344,0.8295
15345,0.8867
15346,0.9005
15347,0.9139
15348,0.9548
15349,0.8261
15350,0.8942
15351,0.6875
15352,0.9548
15353,0.7184
15354,0.9548
15355,0.9548
15356,0.5259
15357,0.9548
15358,0.7862
15359,0.9548
15360,0.86
15361,0.925
15362,0.9254
15363,0.9162
15364,0.8002
15365,0.6074
15366,0.6994
15367,0.6627
15368,0.8743
15369,0.9288
15370,0.5626
15371,0.9548
15372,0.9481
15373,0.5347
15374,0.9548
15375,0.9548
15376,0.7342
15377,0.848
15378,0.9548
15379,0.6465
15380,0.6472
15381,0.9367
15382,0.5512
15383,0.9548
15384,0.8839
15385,0.888
15386,0.8869
15387,0.9785
15388,0.9548
15389,0.9509
15390,0.8107
15391,0.9706
15392,0.6306
15393,0.9256
15394,0.5049
15395,0.9548
15396,0.9073
15397,0.9548
15398,0.7254
15399,0.6815
15400,0.7721
15401,0.9548
15402,0.9505
15403,0.9548
15404,0.9243
15405,0.9417
15406,0.9036
15407,0.5164
15408,0.8884
15409,0.9548
15410,0.5762
15411,0.5796
15412,0.7928
15413,0.8747
15414,0.7766
15415,0.9051
15416,0.6602
15417,0.7957
15418,0.934
15419,0.9548
15420,0.9548
15421,0.6926
15422,0.8268
15423,0.9548
15424,0.8924
15425,0.98
15426,0.592
15427,0.5035
15428,0.9031
15429,0.752
15430,0.9707
15431,0.9548
15432,0.9548
15433,0.6296
15434,0.5068
15435,0.9548
15436,0.5524
15437,0.8493
15438,0.9548
15439,0.9468
15440,0.9548
15441,0.9036
15442,0.9306
15443,0.5641
15444,0.5336
15445,0.9548
15446,0.9548
15447,0.9548
15448,0.958
15449,0.7493
15450,0.7733
15451,0.9548
15452,0.9218
15453,0.5652
15454,0.9548
15455,0.9548
15456,0.8567
15457,0.8925
15458,0.8676
15459,0.9548
15460,0.9002
15461,0.9695
15462,0.9401
15463,0.9548
15464,0.8669
15465,0.7662
15466,0.6915
15467,0.7547
15468,0.8684
15469,0.9013
15470,0.9548
15471,0.7299
15472,0.7446
15473,0.8536
15474,0.9548
15475,0.7805
15476,0.807
15477,0.9592
15478,0.7733
15479,0.9548
15480,0.9167
15481,0.8941
15482,0.8627
15483,0.9548
15484,0.6019
15485,0.527
15486,0.9548
15487,0.9557
15488,0.9548
15489,0.6659
15490,0.9743
15491,0.625
15492,0.815
15493,0.7381
15494,0.8395
15495,0.9063
15496,0.9548
15497,0.8477
15498,0.795
15499,0.9548
15500,0.5592
15501,0.9208
15502,0.5018
15503,0.9548
15504,0.9548
15505,0.5973
15506,0.6714
15507,0.805
15508,0.812
15509,0.9548
15510,0.9533
15511,0.5791
15512,0.9548
15513,0.732
15514,0.726
15515,0.9548
15516,0.9548
15517,0.8432
15518,0.5929
15519,0.9095
15521,0.6953
15522,0.629
15523,0.6774
15524,0.9658
15525,0.6472
15526,0.9548
15527,0.5861
15528,0.8809
15529,0.7473
15530,0.7263
15531,0.7875
15532,0.6558
15533,0.5985
15534,0.9548
15535,0.91
15536,0.8652
15537,0.9548
15538,0.9189
15540,0.8247
15541,0.9548
15542,0.9773
15543,0.9548
15544,0.739
15545,0.9548
15546,0.9706
15547,0.5609
15548,0.9548
15549,0.5508
15550,0.5895
15551,0.8657
15552,0.9548
15553,0.7577
15554,0.9355
15555,0.9047
15556,0.7527
15557,0.9109
15558,0.9538
15559,0.975
15560,0.9548
15561,0.8415
15562,0.9746
15563,0.7842
15564,0.9548
15565,0.9548
15566,0.9548
15567,0.7388
15568,0.6209
15569,0.8287
15570,0.7431
15571,0.7126
15572,0.5364
15573,0.7099
15574,0.7721
15575,0.9548
15576,0.7958
15577,0.9548
15578,0.9548
15579,0.7508
15580,0.7991
15581,0.5965
15582,0.7622
15583,0.9548
15584,0.8684
15585,0.9197
15586,0.9754
15587,0.8846
15588,0.9817
15589,0.821
15590,0.9654
15591,0.9548
15592,0.8228
15593,0.8461
15594,0.5772
15595,0.9578
15596,0.5038
15597,0.8356
15598,0.8821
15599,0.892
15600,0.9516
15601,0.8035
15602,0.5505
15603,0.9548
15604,0.8516
15605,0.8073
15606,0.7402
15607,0.9574
15608,0.7144
15609,0.8909
15610,0.9548
15611,0.5476
15612,0.9548
15613,0.9717
15614,0.7924
15615,0.8587
15616,0.9566
15617,0.8958
15618,0.5984
15619,0.8676
15620,0.5575
15621,0.9104
15622,0.5525
15623,0.8939
15624,0.8666
15625,0.5221
15626,0.6118
15627,0.946
15628,0.5966
15629,0.9418
15630,0.856
15631,0.9844
15632,0.5396
15633,0.7754
15634,0.8533
15635,0.9548
15636,0.886
15637,0.8201
15638,0.8332
15639,0.8487
15640,0.7996
15641,0.7767
15642,0.9548
15643,0.8928
15644,0.7237
15645,0.853
15646,0.7361
15647,0.9548
15648,0.8471
15649,0.8943
15650,0.9573
15651,0.7315
15652,0.7675
15653,0.8961
15654,0.8969
15655,0.9248
15656,0.6201
15657,0.9548
15658,0.6741
15659,0.8797
15660,0.5674
15661,0.9392
15662,0.9548
15663,0.9548
15664,0.9112
15665,0.8947
15666,0.947
15667,0.89
15668,0.9548
15669,0.8817
15670,0.9548
15671,0.5788
15672,0.9548
15673,0.5675
15674,0.7533
15675,0.9187
15676,0.5298
15677,0.886
15678,0.8444
15679,0.6636
15680,0.5582
15681,0.5627
15682,0.9734
15683,0.9526
15684,0.9548
15685,0.9548
15686,0.9548
15687,0.6337
15688,0.911
15689,0.9234
15690,0.9548
15691,0.9493
15692,0.7695
15693,0.9548
15694,0.6856
15695,0.9409
15696,0.5238
15697,0.9816
15698,0.9548
15699,0.7913
15700,0.8142
15701,0.5652
15702,0.9548
15703,0.919
15704,0.817
15705,0.9548
15706,0.62
15707,0.5594
15708,0.6056
15709,0.9837
15710,0.851
15711,0.9633
15712,0.5002
15713,0.9049
15714,0.6463
15715,0.9763
15716,0.6059
15717,0.9548
15718,0.9705
15719,0.8482
15720,0.7773
15721,0.6485
15722,0.7861
15723,0.9074
15724,0.9548
15725,0.7014
15726,0.919
15727,0.6215
15728,0.9095
15729,0.9548
15730,0.7931
15731,0.9548
15732,0.9326
15733,0.9548
15734,0.8495
15735,0.9272
15736,0.9454
15737,0.7674
15738,0.9101
15739,0.9625
15740,0.9548
15741,0.9548
15742,0.9548
15743,0.662
15744,0.9548
15745,0.6551
15746,0.8467
15747,0.501
15748,0.877
15749,0.7425
15750,0.7544
15751,0.9543
15752,0.707
15753,0.9548
15754,0.8579
15755,0.5831
15756,0.9548
15757,0.6832
15758,0.8424
15759,0.9528
15760,0.9627
15761,0.9548
15762,0.5576
15763,0.8142
15764,0.628
15765,0.9743
15766,0.7782
15767,0.9548
15768,0.5437
15769,0.8958
15770,0.9756
15771,0.974
15772,0.9601
15773,0.9548
15774,0.9243
15775,0.9548
15776,0.8822
15777,0.827
15778,0.9391
15779,0.9548
15780,0.8575
15781,0.9548
15782,0.815
15783,0.8594
15784,0.9765
15785,0.6742
15786,0.5086
15787,0.5531
15788,0.9506
15789,0.9206
15790,0.6931
15791,0.7193
15792,0.9174
15793,0.7303
15794,0.9584
15795,0.8894
15796,0.7215
15797,0.9212
15798,0.9767
15799,0.6325
15800,0.8112
15801,0.6192
15802,0.9325
15803,0.9136
15804,0.7902
15805,0.8961
15806,0.8597
15807,0.8714
15808,0.6472
15809,0.7392
15810,0.6585
15811,0.5312
15812,0.8749
15813,0.8765
15814,0.7058
15815,0.7456
15816,0.9548
15817,0.9519
15818,0.9599
15819,0.5085
15820,0.9015
15821,0.6516
15822,0.9264
15823,0.976
15824,0.9595
15825,0.9117
15826,0.8729
15827,0.6834
15828,0.8057
15829,0.6298
15830,0.6575
15831,0.7658
15832,0.8205
15833,0.9548
15834,0.6202
15835,0.7125
15836,0.9548
15837,0.914
15838,0.7959
15839,0.5826
15840,0.8016
15841,0.5315
15842,0.8957
15843,0.9548
15844,0.9548
15845,0.5699
15846,0.9548
15847,0.8734
15848,0.9548
15849,0.9548
15850,0.7795
15851,0.9548
15852,0.9548
15853,0.9548
15854,0.5949
15855,0.7654
15856,0.9197
15857,0.896
15858,0.6117
15859,0.9536
15860,0.5225
15861,0.6655
15862,0.7173
15863,0.9548
15864,0.8184
15865,0.7483
15866,0.7996
15867,0.8371
15868,0.9548
15869,0.9548
15870,0.7744
15871,0.9548
15872,0.6963
15873,0.9548
15874,0.6072
15875,0.9548
15876,0.9636
15877,0.6113
15878,0.9128
15879,0.8809
15880,0.7353
15881,0.9119
15882,0.8057
15883,0.9548
15884,0.9652
15885,0.6655
15886,0.9261
15887,0.9774
15888,0.9548
15889,0.7863
15890,0.9498
15891,0.8281
15892,0.9548
15893,0.9535
15894,0.9548
15895,0.9548
15896,0.9548
15897,0.9548
15898,0.658
15899,0.9548
15900,0.7274
15901,0.6125
15902,0.9548
15903,0.8405
15905,0.9548
15906,0.6311
15907,0.7408
15908,0.9631
15909,0.8671
15910,0.5131
15911,0.987
15912,0.9548
15913,0.9548
15914,0.8375
15915,0.6875
15916,0.5215
15917,0.9548
15918,0.7425
15919,0.622
15920,0.9548
15921,0.9127
15922,0.8715
15923,0.9548
15924,0.9548
15925,0.9584
15926,0.9548
15927,0.9548
15928,0.9755
15929,0.9533
15930,0.9099
15931,0.9347
15932,0.5851
15933,0.7042
15934,0.9085
15935,0.8654
15936,0.9548
15937,0.9548
15938,0.9548
15939,0.5054
15940,0.9548
15941,0.9785
15942,0.8867
15943,0.9548
15944,0.8952
15945,0.9631
15946,0.9516
15947,0.8716
15948,0.812
15949,0.7774
15950,0.7762
15951,0.8802
15952,0.6803
15953,0.5143
15954,0.9552
15955,0.6606
15956,0.9362
15957,0.7384
15958,0.9548
15959,0.9826
15960,0.9548
15961,0.9058
15962,0.8869
15963,0.7294
15964,0.9759
15965,0.684
15966,0.9571
15967,0.6011
15968,0.7707
15969,0.8777
15970,0.9564
15971,0.8973
15972,0.9555
15973,0.9012
15974,0.5172
15975,0.7075
15976,0.8595
15977,0.6584
15978,0.8131
15979,0.9704
15980,0.7276
15981,0.6878
15982,0.9603
15983,0.546
15984,0.8452
15985,0.8653
15986,0.7993
15987,0.7559
15988,0.9569
15989,0.9436
15990,0.9072
15991,0.9548
15992,0.8789
15993,0.7509
15994,0.8993
15995,0.8845
15996,0.5672
15997,0.9548
15998,0.7427
15999,0.9548
16001,0.9261
16002,0.9548
16003,0.542
16004,0.9198
16005,0.661
16006,0.7067
16007,0.6423
16008,0.593
16009,0.6523
16010,0.6871
16011,0.7921
16012,0.6914
16013,0.9369
16014,0.8445
16015,0.5618
16016,0.703
16017,0.8337
16018,0.773
16019,0.6623
16020,0.6648
16021,0.8421
16022,0.822
16023,0.5524
16024,0.6085
16025,0.8568
16026,0.6251
16027,0.924
16028,0.9548
16029,0.8437
16030,0.9184
16031,0.5032
16032,0.9
16033,0.8326
16034,0.9045
16035,0.9837
16036,0.7087
16037,0.8311
16038,0.8556
16039,0.9475
16040,0.6643
16041,0.6889
16042,0.6261
16043,0.7711
16044,0.9413
16045,0.5452
16046,0.9858
16047,0.9548
16048,0.844
16049,0.6517
16050,0.9548
16051,0.9759
16052,0.7803
16053,0.867
16054,0.8878
16055,0.9548
16056,0.6638
16057,0.6529
16058,0.9548
16059,0.5041
16060,0.9511
16061,0.9548
16062,0.7406
16063,0.9023
16064,0.9548
16065,0.5761
16066,0.521
16067,0.9481
16068,0.9548
16069,0.946
16070,0.5035
16071,0.8985
16072,0.8414
16073,0.9548
16074,0.9249
16075,0.9531
16076,0.564
16077,0.9709
16078,0.957
16079,0.66
16080,0.7792
16081,0.6773
16082,0.9548
16083,0.6604
16084,0.9033
16085,0.8477
16086,0.5734
16087,0.9599
16088,0.9688
16089,0.9548
16090,0.9548
16091,0.9548
16092,0.7746
16093,0.9548
16094,0.5336
16095,0.9458
16096,0.9553
16097,0.8819
16098,0.7037
16099,0.7133
16100,0.9474
16101,0.8218
16102,0.7301
16103,0.5264
16104,0.769
16105,0.6797
16106,0.9548
16107,0.5801
16108,0.7526
16109,0.9537
16110,0.7762
16111,0.8852
16112,0.9548
16113,0.9548
16114,0.9548
16115,0.5636
16116,0.9265
16117,0.8019
16118,0.9647
16119,0.7711
16120,0.7424
16121,0.6261
16122,0.7693
16123,0.7803
16124,0.8071
16125,0.8231
16126,0.5675
16127,0.8237
16128,0.6951
16129,0.8535
16130,0.94
16131,0.5484
16132,0.9734
16133,0.801
16134,0.9372
16135,0.9159
16136,0.941
16137,0.9746
16138,0.9453
16139,0.8541
16140,0.8987
16141,0.678
16142,0.9035
16143,0.5765
16144,0.9548
16145,0.6516
16146,0.9081
16147,0.8765
16148,0.9494
16149,0.9548
16150,0.5418
16151,0.9548
16152,0.9281
16153,0.7668
16154,0.9548
16155,0.8997
16156,0.5339
16157,0.9348
16158,0.9548
16159,0.8864
16160,0.8719
16161,0.8888
16162,0.9548
16163,0.9693
16164,0.6285
16165,0.9548
16166,0.9512
16167,0.9502
16168,0.8985
16169,0.6271
16170,0.663
16171,0.9548
16172,0.7378
16173,0.5168
16174,0.8813
16175,0.7511
16176,0.9593
16177,0.7853
16178,0.8405
16179,0.7431
16180,0.5966
16181,0.796
16182,0.8167
16183,0.8421
16184,0.7504
16185,0.8199
16186,0.7816
16187,0.6165
16188,0.7599
16189,0.9548
16190,0.8696
16191,0.8119
16192,0.9453
16193,0.8846
16194,0.8956
16195,0.9468
16196,0.9548
16197,0.9576
16198,0.8824
16199,0.9405
16200,0.8129
16201,0.5181
16202,0.828
16203,0.7949
16204,0.6644
16205,0.5969
16206,0.5217
16207,0.8046
16208,0.5455
16209,0.5947
16210,0.8117
16211,0.7268
16212,0.7828
16213,0.9548
16214,0.9316
16215,0.7249
16216,0.9112
16217,0.8652
16218,0.629
16219,0.9548
16220,0.9548
16221,0.7839
16222,0.8966
16223,0.8131
16224,0.5119
16225,0.6831
16226,0.8316
16227,0.9333
16228,0.8289
16229,0.6349
16230,0.8235
16231,0.8544
16232,0.6433
16233,0.8336
16234,0.9548
16235,0.7954
16236,0.8314
16237,0.9548
16238,0.9548
16239,0.8739
16240,0.5235
16241,0.6911
16242,0.5329
16243,0.646
16244,0.7499
16245,0.7278
16246,0.9589
16247,0.9548
16248,0.9548
16249,0.8262
16250,0.8073
16251,0.9548
16252,0.8926
16253,0.8432
16254,0.9087
16255,0.5381
16256,0.9507
16257,0.9548
16258,0.5385
16259,0.9388
16260,0.7754
16261,0.7943
16262,0.8686
16263,0.9504
16264,0.9705
16265,0.6575
16266,0.622
16267,0.9653
16268,0.648
16269,0.9644
16270,0.8481
16271,0.6811
16272,0.9293
16273,0.9814
16274,0.8325
16275,0.8555
16276,0.8585
16277,0.9617
16278,0.7996
16279,0.702
16280,0.948
16281,0.8761
16282,0.9373
16283,0.7562
16284,0.5223
16285,0.9548
16286,0.9738
16287,0.9406
16288,0.9548
16289,0.9548
16290,0.9738
16291,0.9548
16292,0.9181
16293,0.5111
16294,0.9548
16295,0.5287
16296,0.9563
16297,0.9048
16298,0.7756
16299,0.9276
16300,0.9405
16301,0.9548
16302,0.8796
16303,0.824
16304,0.9697
16305,0.9113
16306,0.8603
16307,0.9033
16308,0.7943
16309,0.6113
16310,0.9179
16311,0.7414
16312,0.9548
16313,0.9548
16314,0.9467
16315,0.9241
16316,0.6328
16317,0.8159
16318,0.8091
16319,0.887
16320,0.8241
16321,0.6623
16322,0.8322
16323,0.9786
16324,0.6513
16325,0.6899
16326,0.5888
16327,0.5429
16328,0.9723
16329,0.8637
16330,0.8094
16331,0.8769
16332,0.7153
16333,0.5805
16334,0.9219
16335,0.9091
16336,0.937
16337,0.9548
16338,0.905
16339,0.9548
16340,0.8535
16341,0.7282
16342,0.9548
16343,0.7393
16344,0.9527
16345,0.9294
16346,0.9051
16347,0.7551
16348,0.7232
16349,0.9548
16350,0.7524
16351,0.6856
16352,0.7422
16353,0.7925
16354,0.7421
16355,0.8498
16356,0.9548
16357,0.7942
16358,0.5251
16359,0.5541
16360,0.702
16361,0.5065
16362,0.6377
16363,0.9548
16364,0.7487
16365,0.5205
16366,0.9571
16367,0.6804
16368,0.859
16369,0.6835
16370,0.5918
16371,0.9548
16372,0.8461
16373,0.8971
16374,0.7737
16375,0.9548
16376,0.5927
16377,0.9808
16378,0.9548
16379,0.5823
16380,0.7679
16381,0.897
16382,0.9185
16383,0.6259
16384,0.8309
16385,0.8411
16386,0.7541
16387,0.9532
16388,0.9548
16389,0.8955
16390,0.9567
16391,0.7988
16392,0.8992
16393,0.8732
16394,0.5263
16395,0.7061
16396,0.9548
16397,0.9548
16398,0.8666
16399,0.7157
16400,0.5732
16401,0.8828
16402,0.8288
16403,0.9548
16404,0.8571
16405,0.9548
16406,0.9251
16407,0.6725
16408,0.9687
16409,0.5057
16410,0.9548
16411,0.8519
16412,0.9548
16413,0.6729
16414,0.9215
16415,0.8329
16416,0.6082
16417,0.9548
16418,0.8543
16419,0.9054
16420,0.9548
16421,0.9301
16422,0.9174
16423,0.6647
16424,0.9258
16425,0.9688
16426,0.6959
16427,0.9548
16428,0.7877
16429,0.9244
16430,0.8575
16431,0.8357
16432,0.7933
16433,0.8442
16434,0.5398
16435,0.9231
16436,0.9548
16437,0.9064
16438,0.7122
16439,0.9774
16440,0.5862
16441,0.7445
16442,0.8257
16443,0.9548
16444,0.5939
16445,0.705
16446,0.9548
16447,0.9195
16448,0.931
16449,0.8064
16450,0.9572
16451,0.821
16452,0.9538
16453,0.9548
16454,0.9548
16455,0.6725
16456,0.7561
16457,0.9294
16458,0.678
16459,0.9548
16460,0.5904
16461,0.9551
16462,0.9548
16463,0.5591
16464,0.5979
16465,0.9556
16466,0.5735
16467,0.9341
16468,0.9339
16469,0.9548
16470,0.5495
16471,0.8514
16472,0.9716
16473,0.9548
16474,0.6063
16475,0.8684
16476,0.9228
16477,0.5616
16478,0.8913
16479,0.7442
16480,0.5805
16481,0.9749
16482,0.6833
16483,0.9548
16484,0.8266
16485,0.7664
16486,0.9548
16487,0.9548
16488,0.8203
16489,0.9662
16490,0.9699
16491,0.8426
16492,0.9698
16493,0.5687
16494,0.8689
16495,0.8798
16496,0.7129
16497,0.648
16498,0.9548
16499,0.5739
16500,0.9548
16501,0.8784
16502,0.9794
16503,0.579
16504,0.579
16505,0.8017
16506,0.9548
16507,0.9548
16508,0.9712
16509,0.9211
16510,0.9499
16511,0.712
16512,0.9548
16513,0.7163
16514,0.9548
16515,0.6805
16516,0.9548
16517,0.9548
16518,0.7814
16519,0.9548
16520,0.8601
16521,0.8377
16522,0.9388
16523,0.7666
16524,0.9308
16525,0.7573
16526,0.9288
16527,0.8664
16529,0.9066
16530,0.9548
16531,0.5727
16532,0.8967
16533,0.6976
16534,0.9738
16535,0.9547
16536,0.7772
16537,0.9548
16538,0.9586
16539,0.7183
16540,0.8407
16541,0.9601
16542,0.9548
16543,0.9577
16544,0.9548
16545,0.9162
16546,0.8587
16547,0.9548
16548,0.9548
16549,0.7467
16550,0.5233
16551,0.7083
16552,0.9131
16553,0.6726
16554,0.5521
16555,0.943
16556,0.5859
16557,0.9548
16558,0.9278
16559,0.9548
16560,0.6437
16561,0.7164
16562,0.9555
16563,0.7312
16564,0.9548
16565,0.9865
16566,0.8404
16567,0.9406
16568,0.9556
16569,0.8985
16570,0.6713
16571,0.5645
16572,0.7533
16573,0.6392
16574,0.8535
16575,0.9548
16576,0.9114
16577,0.9786
16578,0.9548
16579,0.94
16580,0.9548
16581,0.9548
16582,0.9162
16583,0.8468
16584,0.5677
16585,0.9762
16586,0.9288
16587,0.8829
16588,0.9398
16589,0.7254
16590,0.9006
16591,0.7784
16592,0.6776
16593,0.806
16594,0.9548
16595,0.7739
16596,0.9548
16598,0.9548
16599,0.9548
16600,0.7991
16601,0.795
16602,0.8441
16603,0.5596
16604,0.9567
16605,0.9548
16606,0.9026
16607,0.5336
16608,0.9781
16609,0.5264
16610,0.9548
16611,0.945
16612,0.5482
16613,0.8278
16614,0.9712
16615,0.9565
16616,0.5615
16617,0.9548
16618,0.5924
16619,0.9148
16620,0.9339
16621,0.8057
16622,0.974
16623,0.9278
16624,0.7059
16625,0.8135
16626,0.622
16627,0.7257
16628,0.5726
16629,0.5002
16630,0.9548
16631,0.9578
16632,0.9737
16633,0.6409
16634,0.977
16635,0.9502
16636,0.9656
16637,0.5663
16638,0.5023
16639,0.7398
16640,0.9548
16641,0.9332
16642,0.8812
16643,0.8902
16644,0.85
16645,0.9548
16646,0.972
16647,0.9408
16648,0.7978
16649,0.9751
16650,0.9074
16651,0.9548
16652,0.5222
16653,0.7644
16654,0.8614
16655,0.5375
16656,0.8511
16657,0.6607
16658,0.9408
16659,0.9548
16660,0.8975
16661,0.9334
16662,0.9548
16663,0.9548
16664,0.9548
16665,0.9548
16666,0.9548
16667,0.7351
16668,0.9548
16669,0.7392
16670,0.7824
16671,0.8779
16672,0.6516
16673,0.9548
16674,0.5183
16675,0.9565
16676,0.5162
16677,0.9512
16678,0.8158
16679,0.9545
16680,0.9245
16681,0.7154
16682,0.8245
16683,0.9597
16684,0.8726
16685,0.6508
16686,0.7906
16687,0.9548
16688,0.7324
16689,0.7397
16690,0.9548
16691,0.9548
16692,0.969
16693,0.7812
16694,0.9548
16695,0.9548
16696,0.8324
16697,0.9548
16698,0.9277
16699,0.9011
16700,0.7873
16701,0.7542
16702,0.9278
16703,0.9548
16704,0.9576
16705,0.6213
16706,0.6755
16707,0.9733
16708,0.8108
16709,0.5268
16710,0.7062
16711,0.56
16712,0.6805
16713,0.791
16714,0.8052
16715,0.7989
16716,0.9742
16717,0.5787
16718,0.8376
16719,0.5444
16720,0.8098
16721,0.8727
16722,0.8718
16723,0.8041
16724,0.9548
16725,0.7809
16726,0.6349
16727,0.7169
16728,0.648
16729,0.8478
16730,0.6345
16731,0.9548
16732,0.7208
16733,0.9614
16734,0.682
16735,0.7273
16736,0.9284
16737,0.9116
16738,0.9548
16739,0.9248
16740,0.8623
16741,0.9548
16742,0.9136
16743,0.5167
16744,0.6102
16745,0.7657
16746,0.8892
16747,0.6168
16748,0.5038
16749,0.9305
16750,0.6258
16751,0.7604
16752,0.9014
16753,0.7864
16754,0.5429
16755,0.5713
16756,0.918
16757,0.9548
16758,0.7495
16759,0.7519
16760,0.9569
16761,0.8727
16762,0.63
16763,0.9421
16764,0.7757
16765,0.9118
16766,0.8179
16767,0.6648
16768,0.5613
16769,0.8747
16770,0.6032
16771,0.6605
16772,0.9093
16773,0.9548
16774,0.8376
16775,0.5841
16776,0.5492
16777,0.7516
16778,0.9548
16779,0.8493
16780,0.8343
16781,0.9642
16782,0.9018
16783,0.9686
16784,0.8746
16785,0.9169
16786,0.9548
16787,0.9684
16788,0.9076
16790,0.5749
16791,0.6061
16792,0.9541
16793,0.7565
16794,0.666
16795,0.7281
16796,0.6821
16797,0.8161
16798,0.9809
16799,0.9095
16800,0.6736
16801,0.8805
16802,0.9696
16803,0.7841
16804,0.8504
16805,0.929
16806,0.671
16807,0.7792
16808,0.9548
16809,0.7552
16810,0.88
16811,0.772
16812,0.5376
16813,0.5248
16814,0.8699
16815,0.9479
16816,0.9144
16817,0.6846
16818,0.5041
16819,0.9548
16820,0.7887
16821,0.9548
16822,0.9548
16823,0.5336
16824,0.8278
16825,0.8212
16826,0.7
16827,0.9548
16828,0.9548
16829,0.7354
16830,0.9137
16831,0.9548
16832,0.9548
16833,0.8485
16834,0.9296
16835,0.9317
16836,0.9176
16837,0.5159
16838,0.9478
16839,0.9093
16840,0.9548
16841,0.5428
16842,0.6826
16843,0.8309
16844,0.9316
16845,0.9761
16846,0.8948
16847,0.9216
16848,0.7734
16849,0.9548
16850,0.8939
16851,0.9548
16852,0.9548
16853,0.9548
16854,0.9841
16855,0.9548
16856,0.9404
16857,0.9613
16858,0.849
16859,0.7748
16860,0.9551
16861,0.636
16862,0.9417
16863,0.8588
16864,0.954
16865,0.9548
16866,0.9548
16867,0.9548
16868,0.9516
16869,0.6553
16870,0.9641
16871,0.5042
16872,0.9572
16873,0.5053
16874,0.8781
16875,0.6106
16876,0.9548
16877,0.6392
16878,0.9548
16879,0.9548
16880,0.7267
16881,0.9075
16882,0.6655
16883,0.5386
16884,0.8837
16885,0.7022
16886,0.9548
16887,0.8165
16888,0.9765
16889,0.7095
16890,0.9548
16891,0.8683
16892,0.9548
16893,0.9548
16894,0.9702
16895,0.8538
16896,0.9548
16897,0.9295
16898,0.7699
16899,0.6358
16900,0.6507
16901,0.9603
16902,0.8375
16903,0.7648
16904,0.8087
16905,0.5671
16906,0.741
16907,0.7497
16908,0.9657
16909,0.75
16910,0.5004
16911,0.9548
16912,0.527
16913,0.932
16914,0.8974
16915,0.7478
16916,0.7299
16917,0.9698
16918,0.5021
16919,0.6537
16920,0.9044
16921,0.9548
16922,0.9807
16923,0.8425
16924,0.6108
16925,0.9548
16926,0.8844
16927,0.9895
16928,0.7624
16929,0.5458
16930,0.673
16931,0.809
16932,0.9548
16933,0.8425
16934,0.8403
16935,0.8335
16936,0.6364
16937,0.9438
16938,0.8019
16939,0.9548
16940,0.5113
16941,0.9548
16942,0.5951
16943,0.7918
16944,0.9548
16945,0.8881
16946,0.9605
16947,0.9671
16948,0.9731
16949,0.7359
16950,0.6554
16951,0.8802
16952,0.9392
16953,0.9548
16954,0.5805
16955,0.8896
16956,0.8286
16957,0.8385
16958,0.943
16959,0.9548
16960,0.7402
16961,0.8645
16962,0.9259
16963,0.9548
16964,0.9512
16965,0.956
16966,0.7223
16967,0.9251
16968,0.8584
16969,0.8903
16970,0.9548
16971,0.7546
16972,0.8609
16973,0.9548
16974,0.9784
16975,0.903
16976,0.9135
16977,0.9662
16978,0.7961
16979,0.514
16980,0.7654
16981,0.9548
16982,0.7978
16983,0.5985
16984,0.503
16985,0.5193
16986,0.9634
16987,0.5397
16988,0.8972
16989,0.9085
16990,0.9548
16991,0.9421
16992,0.6451
16993,0.9692
16994,0.9548
16995,0.9548
16996,0.7439
16997,0.9518
16998,0.9272
16999,0.7841
17000,0.9151
17001,0.5584
17002,0.5972
17003,0.8354
17004,0.7066
17005,0.9594
17006,0.8566
17007,0.794
17008,0.9548
17009,0.9736
17010,0.766
17011,0.8185
17012,0.9692
17013,0.9548
17014,0.5655
17015,0.7511
17016,0.9693
17017,0.9394
17018,0.8667
17019,0.6799
17020,0.9785
17021,0.9452
17022,0.9368
17023,0.9296
17024,0.9548
17025,0.8717
17026,0.9548
17027,0.6772
17028,0.9769
17029,0.9154
17030,0.9548
17031,0.9354
17032,0.9862
17033,0.6894
17034,0.8252
17035,0.8938
17036,0.9548
17037,0.5954
17038,0.8809
17039,0.9893
17040,0.9579
17041,0.7837
17042,0.7499
17043,0.5202
17044,0.6062
17045,0.9069
17046,0.8861
17047,0.6465
17048,0.9059
17049,0.5891
17050,0.5947
17051,0.9025
17052,0.5143
17053,0.8841
17054,0.7241
17055,0.9457
17056,0.9548
17057,0.9773
17058,0.8196
17059,0.6911
17060,0.9527
17061,0.6418
17062,0.803
17063,0.6928
17064,0.802
17065,0.9548
17066,0.9497
17067,0.9469
17068,0.8171
17069,0.6987
17070,0.746
17071,0.5487
17072,0.9769
17073,0.5683
17074,0.9731
17075,0.5985
17076,0.8615
17077,0.9638
17078,0.8616
17079,0.9548
17080,0.8586
17081,0.893
17082,0.6689
17083,0.7262
17084,0.6899
17085,0.5825
17086,0.6456
17087,0.9546
17088,0.7248
17089,0.9548
17090,0.5039
17091,0.538
17092,0.8257
17093,0.9724
17094,0.8978
17095,0.5681
17096,0.5097
17097,0.842
17098,0.9653
17099,0.9736
17100,0.6516
17101,0.8225
17102,0.9548
17103,0.9527
17104,0.9493
17105,0.7423
17106,0.8801
17107,0.5963
17108,0.9548
17109,0.6836
17110,0.9614
17111,0.8349
17112,0.9578
17113,0.9268
17114,0.9548
17115,0.7764
17116,0.9492
17117,0.9548
17118,0.9548
17119,0.752
17120,0.8998
17121,0.8736
17122,0.8901
17123,0.8883
17124,0.9358
17125,0.7905
17126,0.8402
17127,0.9409
17128,0.9548
17129,0.9548
17130,0.9548
17131,0.7152
17132,0.9664
17133,0.8339
17134,0.9431
17135,0.7384
17136,0.9855
17137,0.9447
17138,0.9622
17139,0.523
17140,0.9284
17141,0.8644
17142,0.8498
17143,0.9499
17144,0.8206
17145,0.9584
17146,0.8893
17147,0.5549
17148,0.9548
17149,0.9548
17150,0.8644
17151,0.9721
17152,0.9401
17153,0.698
17154,0.7199
17155,0.9548
17156,0.9444
17157,0.7586
17158,0.8247
17159,0.7762
17160,0.6826
17161,0.9648
17162,0.7717
17163,0.9329
17164,0.5926
17165,0.9308
17166,0.9548
17167,0.9223
17168,0.9654
17169,0.8736
17170,0.9548
17171,0.9438
17172,0.5907
17173,0.5345
17174,0.9548
17175,0.7756
17176,0.8892
17177,0.9548
17178,0.9578
17179,0.7791
17180,0.6071
17181,0.9548
17182,0.9548
17183,0.6702
17184,0.9548
17185,0.9548
17186,0.9548
17187,0.954
17188,0.6211
17189,0.7847
17190,0.8306
17191,0.5869
17192,0.9548
17193,0.8409
17194,0.9619
17195,0.9802
17196,0.9242
17197,0.7481
17198,0.8098
17199,0.9548
17200,0.9548
17201,0.8651
17202,0.9548
17203,0.5681
17204,0.662
17205,0.9134
17206,0.9059
17207,0.972
17208,0.9548
17209,0.9642
17210,0.7872
17211,0.6305
17212,0.9423
17213,0.5249
17214,0.7218
17215,0.9554
17216,0.9548
17217,0.9548
17218,0.5445
17219,0.9548
17220,0.7309
17221,0.8751
17222,0.927
17223,0.7636
17224,0.9548
17225,0.9548
17226,0.9512
17227,0.7324
17228,0.5404
17229,0.9548
17230,0.6684
17231,0.7824
17232,0.6229
17233,0.9174
17234,0.9548
17235,0.7917
17236,0.6321
17237,0.7169
17238,0.825
17239,0.847
17240,0.9548
17241,0.8382
17242,0.8585
17243,0.9106
17244,0.8009
17245,0.9594
17246,0.9548
17247,0.7023
17248,0.8191
17249,0.9548
17250,0.9548
17251,0.9112
17252,0.8253
17253,0.9548
17254,0.72
17255,0.7493
17256,0.9548
17257,0.9548
17258,0.9633
17259,0.8565
17260,0.9548
17261,0.9681
17262,0.8827
17263,0.9548
17264,0.9008
17265,0.6951
17266,0.9548
17267,0.8786
17268,0.936
17269,0.8303
17270,0.9266
17271,0.9565
17272,0.6856
17273,0.9548
17274,0.785
17275,0.9548
17276,0.9051
17277,0.8805
17278,0.889
17279,0.7706
17280,0.9548
17281,0.975
17282,0.8488
17283,0.8493
17284,0.5009
17285,0.9441
17286,0.9548
17287,0.6159
17288,0.5547
17289,0.8116
17290,0.6826
17291,0.9128
17292,0.9548
17293,0.5122
17294,0.9763
17295,0.6386
17296,0.9539
17297,0.9548
17298,0.9156
17299,0.6565
17300,0.8775
17301,0.9548
17302,0.6698
17303,0.8486
17304,0.9548
17305,0.9472
17306,0.6229
17307,0.7602
17308,0.9542
17309,0.95
17310,0.8792
17311,0.7239
17312,0.8971
17313,0.5861
17314,0.6777
17315,0.89
17316,0.9548
17317,0.6087
17318,0.9548
17319,0.9548
17320,0.7935
17321,0.7711
17322,0.6904
17323,0.676
17324,0.6735
17325,0.9396
17326,0.9548
17327,0.9548
17328,0.9548
17329,0.8997
17330,0.9809
17331,0.9548
17332,0.9738
17333,0.5927
17334,0.9262
17335,0.9619
17336,0.9548
17337,0.7678
17338,0.7513
17339,0.9711
17340,0.7586
17341,0.7735
17342,0.9406
17343,0.8601
17344,0.9178
17345,0.7836
17346,0.5732
17347,0.9289
17348,0.508
17349,0.8748
17350,0.7565
17351,0.8244
17352,0.9548
17353,0.825
17354,0.8508
17355,0.9165
17356,0.9441
17357,0.67
17358,0.7231
17359,0.9548
17360,0.7488
17361,0.921
17362,0.9567
17363,0.9031
17364,0.7286
17365,0.6144
17366,0.9202
17367,0.9548
17368,0.5205
17369,0.94
17370,0.9548
17371,0.6328
17372,0.512
17373,0.7907
17374,0.8913
17375,0.7893
17376,0.9548
17377,0.8714
17378,0.9548
17379,0.5753
17380,0.9691
17381,0.801
17382,0.9647
17383,0.9548
17384,0.9435
17385,0.5433
17386,0.7464
17387,0.6587
17388,0.6773
17389,0.8802
17390,0.9548
17391,0.944
17392,0.7879
17393,0.9252
17394,0.9488
17395,0.9548
17396,0.6712
17397,0.6894
17398,0.7947
17399,0.9548
17400,0.7746
17401,0.9548
17402,0.7507
17403,0.9039
17404,0.5763
17405,0.5196
17406,0.7314
17407,0.9576
17408,0.9632
17409,0.8334
17410,0.8086
17411,0.7689
17412,0.5902
17413,0.9311
17414,0.9284
17415,0.7318
17416,0.6614
17417,0.9548
17418,0.7487
17419,0.7145
17420,0.8436
17421,0.712
17422,0.5436
17423,0.5612
17424,0.9548
17425,0.7871
17426,0.626
17427,0.9548
17428,0.7461
17429,0.84
17430,0.8306
17431,0.8864
17432,0.6719
17433,0.7826
17434,0.5084
17435,0.9359
17436,0.9548
17437,0.969
17438,0.8728
17439,0.9858
17440,0.9548
17441,0.9502
17442,0.5456
17443,0.9079
17444,0.7296
17445,0.9548
17446,0.9548
17447,0.6569
17448,0.7264
17449,0.6012
17450,0.8193
17451,0.502
17452,0.9548
17453,0.807
17454,0.8333
17455,0.9548
17456,0.9526
17457,0.67
17458,0.793
17459,0.5231
17460,0.7022
17461,0.5418
17462,0.7804
17463,0.8172
17464,0.9601
17465,0.9186
17466,0.7885
17467,0.9548
17468,0.9548
17469,0.6392
17470,0.5236
17471,0.9603
17472,0.8836
17473,0.9062
17474,0.9849
17475,0.6178
17476,0.8561
17477,0.9702
17478,0.9507
17479,0.9778
17480,0.6807
17481,0.6261
17482,0.9691
17483,0.9548
17484,0.9548
17485,0.9548
17486,0.9089
17487,0.9548
17488,0.9685
17489,0.8094
17490,0.6223
17491,0.5489
17492,0.92
17493,0.9548
17494,0.9548
17495,0.793
17496,0.9323
17497,0.9539
17498,0.7247
17499,0.8965
17500,0.7986
17501,0.8734
17502,0.7217
17503,0.7935
17504,0.505
17505,0.8756
17506,0.8818
17507,0.8461
17508,0.8752
17509,0.7321
17510,0.6901
17511,0.8319
17512,0.8249
17513,0.8765
17514,0.9537
17515,0.801
17516,0.664
17517,0.9548
17518,0.9548
17519,0.517
17520,0.8187
17521,0.815
17522,0.8646
17523,0.5984
17524,0.905
17525,0.9135
17526,0.8066
17527,0.5587
17528,0.6588
17529,0.9767
17530,0.5538
17531,0.9295
17532,0.9548
17533,0.9548
17534,0.9117
17535,0.9548
17536,0.9537
17537,0.9508
17538,0.9548
17539,0.9551
17540,0.7915
17541,0.9548
17542,0.9548
17543,0.9548
17544,0.8251
17545,0.5213
17546,0.9548
17547,0.9375
17548,0.7187
17549,0.9548
17550,0.8715
17551,0.8672
17552,0.7197
17553,0.9568
17554,0.5754
17555,0.766
17556,0.9548
17557,0.9205
17558,0.9336
17559,0.9548
17560,0.834
17561,0.8416
17562,0.6179
17563,0.9673
17564,0.7375
17565,0.9548
17566,0.619
17567,0.62
17568,0.9483
17569,0.9179
17570,0.9548
17571,0.7864
17572,0.9548
17573,0.7969
17574,0.9141
17575,0.9548
17576,0.8012
17577,0.9572
17578,0.8982
17579,0.9498
17580,0.9548
17581,0.7863
17582,0.8958
17583,0.9548
17584,0.8364
17585,0.7077
17586,0.9548
17587,0.9548
17588,0.933
17589,0.5911
17590,0.559
17591,0.5807
17592,0.9548
17593,0.6231
17594,0.7325
17595,0.6311
17596,0.5122
17597,0.7091
17598,0.9488
17599,0.9548
17600,0.9548
17601,0.8
17602,0.5651
17603,0.8446
17604,0.7431
17605,0.9548
17606,0.9548
17607,0.9472
17608,0.8236
17609,0.7772
17610,0.9455
17611,0.7086
17612,0.5443
17613,0.5787
17614,0.5068
17615,0.8819
17616,0.9829
17617,0.9632
17618,0.7963
17619,0.8139
17620,0.9548
17621,0.7303
17622,0.9717
17623,0.775
17624,0.7827
17625,0.6424
17626,0.967
17627,0.9824
17628,0.9548
17629,0.7722
17630,0.8734
17631,0.9193
17632,0.9548
17633,0.7442
17634,0.5385
17635,0.9431
17636,0.845
17637,0.8319
17638,0.9865
17639,0.8713
17640,0.8829
17641,0.9548
17642,0.8651
17643,0.9544
17644,0.5105
17645,0.9548
17646,0.5384
17647,0.9548
17648,0.6012
17649,0.884
17650,0.9548
17651,0.5825
17652,0.677
17653,0.5746
17654,0.9548
17655,0.5688
17656,0.7307
17657,0.9548
17658,0.7134
17659,0.6045
17660,0.9548
17661,0.9548
17662,0.9657
17663,0.609
17664,0.9179
17665,0.951
17666,0.9251
17667,0.593
17668,0.9548
17669,0.6831
17670,0.9178
17671,0.5985
17672,0.7673
17673,0.5081
17674,0.6999
17675,0.8743
17676,0.8227
17677,0.7947
17678,0.8935
17679,0.842
17680,0.8016
17681,0.9611
17682,0.7189
17683,0.9616
17684,0.7601
17685,0.5523
17686,0.6151
17687,0.9245
17688,0.8929
17689,0.9548
17690,0.5052
17691,0.9548
17692,0.5637
17693,0.9112
17694,0.9583
17695,0.9305
17696,0.7929
17697,0.8782
17698,0.9548
17699,0.9547
17700,0.5537
17701,0.9565
17702,0.6506
17703,0.7218
17704,0.8539
17705,0.6359
17706,0.7911
17707,0.9548
17708,0.8582
17709,0.9337
17710,0.9648
17711,0.8655
17712,0.7758
17713,0.9631
17714,0.9528
17715,0.9695
17716,0.6405
17717,0.9554
17718,0.9592
17719,0.6475
17720,0.6354
17721,0.9798
17722,0.5979
17723,0.8477
17724,0.6664
17725,0.5399
17726,0.9074
17727,0.6231
17728,0.7577
17729,0.9733
17730,0.6647
17731,0.8315
17732,0.706
17733,0.9002
17734,0.8432
17735,0.7837
17736,0.8791
17737,0.9548
17738,0.5942
17739,0.6122
17740,0.9548
17741,0.9548
17742,0.8982
17743,0.9438
17744,0.6351
17745,0.9792
17746,0.9339
17747,0.9548
17748,0.9709
17749,0.9368
17750,0.5105
17751,0.9548
17752,0.9548
17753,0.972
17754,0.51
17755,0.9548
17756,0.7494
17757,0.8646
17758,0.5207
17759,0.7444
17760,0.8646
17761,0.9017
17762,0.9548
17763,0.9548
17764,0.5613
17765,0.9548
17766,0.8942
17767,0.9151
17768,0.5549
17769,0.5456
17770,0.9388
17771,0.9548
17772,0.845
17773,0.9678
17774,0.8968
17775,0.9548
17776,0.9304
17777,0.5611
17778,0.9749
17779,0.8124
17780,0.9548
17781,0.9548
17782,0.8971
17783,0.9548
17784,0.9548
17785,0.9548
17786,0.9548
17787,0.8117
17788,0.7849
17789,0.9412
17790,0.5111
17791,0.9548
17792,0.9503
17793,0.6398
17794,0.9548
17795,0.8887
17796,0.8255
17797,0.7766
17798,0.9548
17799,0.5854
17800,0.9548
17801,0.9662
17802,0.5998
17803,0.8856
17804,0.9548
17805,0.9681
17806,0.7781
17807,0.9732
17808,0.9548
17809,0.5746
17810,0.9869
17811,0.914
17812,0.696
17813,0.6636
17814,0.8595
17815,0.9294
17816,0.9548
17817,0.9085
17818,0.9548
17819,0.5166
17820,0.9548
17821,0.9444
17822,0.8792
17823,0.8957
17824,0.7255
17825,0.9389
17826,0.9548
17827,0.8285
17828,0.6788
17829,0.9163
17830,0.9491
17831,0.9548
17832,0.9548
17833,0.9577
17834,0.9319
17835,0.9548
17836,0.9548
17837,0.5533
17838,0.5955
17839,0.6189
17840,0.9548
17841,0.8753
17842,0.9751
17843,0.9491
17844,0.9548
17845,0.9585
17846,0.9608
17847,0.9548
17848,0.5869
17849,0.9487
17850,0.7529
17851,0.9471
17852,0.8227
17853,0.9561
17854,0.8208
17855,0.8813
17856,0.8493
17857,0.6107
17858,0.5306
17859,0.9548
17860,0.8613
17861,0.5945
17862,0.8307
17863,0.5301
17864,0.6843
17865,0.9053
17866,0.9441
17867,0.8064
17868,0.8801
17869,0.8734
17870,0.7297
17871,0.9354
17872,0.8944
17873,0.6825
17874,0.853
17875,0.9548
17876,0.7863
17877,0.9021
17878,0.8027
17879,0.9548
17880,0.8701
17881,0.9548
17882,0.9548
17883,0.7409
17884,0.5444
17885,0.9548
17886,0.772
17887,0.9548
17888,0.8036
17889,0.8652
17890,0.8676
17891,0.8121
17892,0.9548
17893,0.9548
17894,0.5625
17895,0.9548
17896,0.8246
17897,0.7893
17898,0.9548
17899,0.9548
17900,0.9548
17901,0.9548
17902,0.9742
17903,0.908
17904,0.9548
17905,0.9079
17906,0.9548
17907,0.995
17908,0.9095
17909,0.9548
17910,0.9367
17911,0.7201
17912,0.9548
17913,0.5793
17915,0.9734
17916,0.9548
17917,0.9548
17918,0.9548
17919,0.8133
17920,0.7449
17921,0.5114
17922,0.9548
17923,0.9796
17924,0.5254
17925,0.9251
17926,0.8672
17927,0.9613
17928,0.9548
17929,0.7954
17930,0.5421
17931,0.7721
17932,0.7052
17933,0.9548
17934,0.8461
17935,0.9548
17937,0.6016
17938,0.9548
17939,0.9548
17940,0.5079
17941,0.9717
17943,0.9548
17944,0.9548
17945,0.9548
17946,0.9548
17947,0.9548
17948,0.9331
17949,0.7786
17950,0.647
17951,0.8587
17952,0.8788
17953,0.9548
17954,0.7257
17955,0.9502
17956,0.9548
17957,0.9548
17958,0.9454
17959,0.9548
17960,0.9548
17961,0.5337
17962,0.9657
17963,0.9705
17964,0.5807
17965,0.6857
17966,0.905
17967,0.9548
17968,0.8129
17969,0.9548
17970,0.8993
17971,0.9548
17972,0.9548
17973,0.8951
17974,0.5864
17975,0.5106
17976,0.9122
17977,0.902
17978,0.9172
17979,0.804
17980,0.7267
17981,0.9069
17982,0.9548
17983,0.9548
17984,0.8382
17985,0.9344
17986,0.9548
17987,0.8189
17988,0.9548
17989,0.8859
17990,0.6895
17991,0.9721
17992,0.865
17993,0.9715
17994,0.8982
17995,0.9141
17996,0.9399
17997,0.5357
17998,0.8899
17999,0.6726
18000,0.9548
18001,0.9088
18002,0.9548
18003,0.8959
18004,0.9548
18005,0.9548
18006,0.8006
18007,0.8496
18008,0.7188
18009,0.821
18010,0.9548
18011,0.9627
18012,0.9548
18013,0.9548
18014,0.9548
18016,0.737
18017,0.9548
18018,0.9548
18019,0.9548
18020,0.965
18021,0.9548
18022,0.7782
18023,0.9548
18024,0.8707
18025,0.8198
18026,0.9006
18027,0.9548
18028,0.9745
18029,0.9659
18030,0.9548
18031,0.7419
18032,0.9548
18033,0.9548
18034,0.5592
18035,0.6845
18036,0.8746
18037,0.9548
18038,0.9548
18039,0.9548
18040,0.9188
18041,0.7753
18042,0.9548
18043,0.705
18044,0.6865
18045,0.9548
18046,0.9814
18047,0.838
18048,0.9459
18049,0.9683
18050,0.8452
18051,0.8709
18052,0.8593
18053,0.8749
18054,0.9548
18055,0.585
18056,0.8394
18057,0.9772
18058,0.9586
18059,0.9548
18060,0.9424
18061,0.6405
18062,0.8702
18063,0.9548
18064,0.8484
18065,0.6884
18066,0.8033
18067,0.8254
18068,0.9548
18069,0.5551
18070,0.9657
18071,0.8009
18072,0.9221
18073,0.5398
18074,0.9419
18075,0.6457
18076,0.9548
18077,0.777
18078,0.9201
18079,0.5036
18080,0.7178
18081,0.9548
18082,0.7166
18083,0.9381
18084,0.9534
18085,0.7617
18086,0.9548
18087,0.8609
18088,0.9548
18089,0.9517
18090,0.9687
18091,0.9802
18092,0.568
18093,0.7427
18094,0.6805
18095,0.9374
18096,0.8526
18097,0.6341
18098,0.8098
18099,0.9548
18100,0.9711
18101,0.9548
18102,0.8817
18103,0.9548
18104,0.7648
18105,0.9548
18106,0.9465
18107,0.9548
18108,0.9603
18109,0.8405
18110,0.6408
18111,0.9679
18112,0.8636
18113,0.9548
18114,0.9263
18115,0.9548
18116,0.6435
18117,0.5612
18118,0.8961
18119,0.9548
18120,0.9548
18121,0.8758
18122,0.5325
18123,0.9279
18124,0.9548
18125,0.7051
18126,0.8269
18127,0.7226
18128,0.9544
18129,0.9548
18130,0.6639
18131,0.9888
18132,0.9489
18133,0.9714
18134,0.9694
18135,0.9373
18136,0.7844
18137,0.9548
18138,0.9548
18139,0.6839
18140,0.9743
18141,0.9125
18142,0.8666
18143,0.7867
18144,0.5001
18145,0.5655
18146,0.9548
18147,0.9548
18148,0.9548
18149,0.9238
18150,0.5882
18151,0.9012
18152,0.974
18153,0.9484
18154,0.8665
18155,0.9548
18156,0.6879
18157,0.9763
18158,0.8594
18159,0.9351
18160,0.749
18161,0.5122
18162,0.9278
18163,0.9792
18164,0.8144
18165,0.8623
18166,0.9548
18167,0.636
18168,0.5951
18169,0.7923
18170,0.6786
18171,0.5483
18172,0.9028
18173,0.7079
18174,0.9548
18175,0.9548
18176,0.8812
18177,0.7449
18178,0.7392
18179,0.5561
18180,0.5345
18181,0.8076
18182,0.9418
18183,0.7935
18184,0.9548
18185,0.8958
18186,0.945
18187,0.975
18188,0.5421
18189,0.7539
18190,0.9087
18191,0.9614
18192,0.8394
18193,0.9091
18194,0.734
18195,0.9548
18196,0.7555
18197,0.9533
18198,0.6546
18199,0.9754
18200,0.9548
18201,0.9621
18202,0.8341
18203,0.9548
18204,0.5143
18205,0.5372
18206,0.9527
18207,0.9646
18208,0.9768
18209,0.9548
18210,0.6116
18211,0.9548
18212,0.9613
18213,0.9033
18214,0.9679
18215,0.6364
18216,0.8233
18217,0.8285
18218,0.9634
18219,0.587
18220,0.9317
18221,0.831
18222,0.8923
18223,0.7036
18224,0.9771
18225,0.7442
18226,0.7455
18227,0.9683
18228,0.8476
18229,0.6093
18230,0.5942
18231,0.8273
18232,0.7533
18233,0.9763
18234,0.9771
18235,0.8291
18236,0.9097
18237,0.7678
18238,0.9783
18239,0.9188
18240,0.9705
18241,0.6356
18242,0.8006
18243,0.9595
18244,0.971
18245,0.5392
18246,0.9428
18247,0.931
18248,0.8922
18249,0.9771
18250,0.9529
18251,0.7365
18252,0.6321
18253,0.9881
18254,0.9876
18255,0.9524
18256,0.9771
18257,0.8398
18258,0.981
18259,0.6831
18260,0.703
18261,0.907
18262,0.9265
18263,0.8241
18264,0.9812
18265,0.8972
18266,0.9749
18267,0.9859
18268,0.9765
18269,0.9771
18270,0.9771
18271,0.9833
18272,0.6578
18273,0.9771
18274,0.9771
18275,0.9681
18276,0.8511
18277,0.9205
18278,0.8999
18279,0.9854
18280,0.9276
18281,0.9771
18282,0.9771
18283,0.5359
18284,0.9818
18285,0.9878
18286,0.9837
18287,0.9291
